2026-09-20T19:35:50.788701Z  INFO herdr::api::server: api server listening path=/home/outworld/.config/herdr/herdr.sock
2026-09-20T19:35:50.788968Z  INFO herdr::app: using pane scrollback configuration pane_scrollback_limit_bytes=10000000
2026-09-20T19:35:50.801554Z  INFO herdr::logging: checking for updates event="update.check.start" subsystem="update" outcome="started"
2026-09-20T19:35:50.801679Z  INFO herdr::logging: spawning pane terminal event="pane.spawn.start" subsystem="pane" outcome="started" pane_id=1 rows=40 cols=120 scrollback_limit_bytes=10000000
2026-09-20T19:35:50.802927Z ERROR herdr::pane: failed to spawn shell pane=1 err=Unable to spawn nu because:
No viable candidates found in PATH "/nix/store/l07gdbxylzfl8pbx9pxy6fyg95w4hjwy-nodejs-24.19.0/bin:/nix/store/pn3yxi56kj33zvw3scqkavvhp5mrlyq5-vicinae-0.23.2/bin:/home/outworld/.asdf/shims:/run/wrappers/bin:/home/outworld/.local/bin:/home/outworld/.nix-profile/bin:/nix/profile/bin:/home/outworld/.local/state/nix/profile/bin:/etc/profiles/per-user/outworld/bin:/nix/var/nix/profiles/default/bin:/run/current-system/sw/bin:/home/outworld/.krew/bin:/nix/store/54lapjili1w9yrdha21gb23vbmdivcy0-agterm-0.26.1/opt/agterm-linux/bin:/home/outworld/.krew/bin"
2026-09-20T19:35:50.802940Z  WARN herdr::server::headless::bootstrap: failed to create startup workspace cwd=/home/outworld/nix err=Unable to spawn nu because:
No viable candidates found in PATH "/nix/store/l07gdbxylzfl8pbx9pxy6fyg95w4hjwy-nodejs-24.19.0/bin:/nix/store/pn3yxi56kj33zvw3scqkavvhp5mrlyq5-vicinae-0.23.2/bin:/home/outworld/.asdf/shims:/run/wrappers/bin:/home/outworld/.local/bin:/home/outworld/.nix-profile/bin:/nix/profile/bin:/home/outworld/.local/state/nix/profile/bin:/etc/profiles/per-user/outworld/bin:/nix/var/nix/profiles/default/bin:/run/current-system/sw/bin:/home/outworld/.krew/bin:/nix/store/54lapjili1w9yrdha21gb23vbmdivcy0-agterm-0.26.1/opt/agterm-linux/bin:/home/outworld/.krew/bin"
2026-09-20T19:35:50.802971Z  INFO herdr::server::headless: client protocol socket listening path=/home/outworld/.config/herdr/herdr-client.sock
2026-09-20T19:35:50.802982Z  INFO herdr::server::headless::bootstrap: herdr server started api_socket=/home/outworld/.config/herdr/herdr.sock client_socket=/home/outworld/.config/herdr/herdr-client.sock
2026-09-20T19:35:50.802988Z  INFO herdr::logging: herdr starting event="app.startup" subsystem="server" outcome="started" pid=99732
2026-09-20T19:35:51.054265Z  INFO herdr::server::headless: client connected client_id=2 cols=120 rows=64 cell_width_px=10 cell_height_px=21 surface_active=true render_encoding=SemanticFrame
2026-09-20T19:35:51.054320Z  INFO herdr::logging: spawning pane terminal event="pane.spawn.start" subsystem="pane" outcome="started" pane_id=2 rows=40 cols=120 scrollback_limit_bytes=10000000
2026-09-20T19:35:51.054452Z ERROR herdr::pane: failed to spawn shell pane=2 err=Unable to spawn nu because:
No viable candidates found in PATH "/nix/store/l07gdbxylzfl8pbx9pxy6fyg95w4hjwy-nodejs-24.19.0/bin:/nix/store/pn3yxi56kj33zvw3scqkavvhp5mrlyq5-vicinae-0.23.2/bin:/home/outworld/.asdf/shims:/run/wrappers/bin:/home/outworld/.local/bin:/home/outworld/.nix-profile/bin:/nix/profile/bin:/home/outworld/.local/state/nix/profile/bin:/etc/profiles/per-user/outworld/bin:/nix/var/nix/profiles/default/bin:/run/current-system/sw/bin:/home/outworld/.krew/bin:/nix/store/54lapjili1w9yrdha21gb23vbmdivcy0-agterm-0.26.1/opt/agterm-linux/bin:/home/outworld/.krew/bin"
2026-09-20T19:35:51.054460Z ERROR herdr::app: failed to create default workspace err=Unable to spawn nu because:
No viable candidates found in PATH "/nix/store/l07gdbxylzfl8pbx9pxy6fyg95w4hjwy-nodejs-24.19.0/bin:/nix/store/pn3yxi56kj33zvw3scqkavvhp5mrlyq5-vicinae-0.23.2/bin:/home/outworld/.asdf/shims:/run/wrappers/bin:/home/outworld/.local/bin:/home/outworld/.nix-profile/bin:/nix/profile/bin:/home/outworld/.local/state/nix/profile/bin:/etc/profiles/per-user/outworld/bin:/nix/var/nix/profiles/default/bin:/run/current-system/sw/bin:/home/outworld/.krew/bin:/nix/store/54lapjili1w9yrdha21gb23vbmdivcy0-agterm-0.26.1/opt/agterm-linux/bin:/home/outworld/.krew/bin"
2026-09-20T19:35:51.054533Z  INFO herdr::logging: spawning pane terminal event="pane.spawn.start" subsystem="pane" outcome="started" pane_id=3 rows=40 cols=120 scrollback_limit_bytes=10000000
2026-09-20T19:35:51.054601Z ERROR herdr::pane: failed to spawn shell pane=3 err=Unable to spawn nu because:
No viable candidates found in PATH "/nix/store/l07gdbxylzfl8pbx9pxy6fyg95w4hjwy-nodejs-24.19.0/bin:/nix/store/pn3yxi56kj33zvw3scqkavvhp5mrlyq5-vicinae-0.23.2/bin:/home/outworld/.asdf/shims:/run/wrappers/bin:/home/outworld/.local/bin:/home/outworld/.nix-profile/bin:/nix/profile/bin:/home/outworld/.local/state/nix/profile/bin:/etc/profiles/per-user/outworld/bin:/nix/var/nix/profiles/default/bin:/run/current-system/sw/bin:/home/outworld/.krew/bin:/nix/store/54lapjili1w9yrdha21gb23vbmdivcy0-agterm-0.26.1/opt/agterm-linux/bin:/home/outworld/.krew/bin"
2026-09-20T19:35:51.054605Z ERROR herdr::app: failed to create default workspace err=Unable to spawn nu because:
No viable candidates found in PATH "/nix/store/l07gdbxylzfl8pbx9pxy6fyg95w4hjwy-nodejs-24.19.0/bin:/nix/store/pn3yxi56kj33zvw3scqkavvhp5mrlyq5-vicinae-0.23.2/bin:/home/outworld/.asdf/shims:/run/wrappers/bin:/home/outworld/.local/bin:/home/outworld/.nix-profile/bin:/nix/profile/bin:/home/outworld/.local/state/nix/profile/bin:/etc/profiles/per-user/outworld/bin:/nix/var/nix/profiles/default/bin:/run/current-system/sw/bin:/home/outworld/.krew/bin:/nix/store/54lapjili1w9yrdha21gb23vbmdivcy0-agterm-0.26.1/opt/agterm-linux/bin:/home/outworld/.krew/bin"
2026-09-20T19:35:51.055422Z  INFO herdr::logging: spawning pane terminal event="pane.spawn.start" subsystem="pane" outcome="started" pane_id=4 rows=40 cols=120 scrollback_limit_bytes=10000000
2026-09-20T19:35:51.055487Z ERROR herdr::pane: failed to spawn shell pane=4 err=Unable to spawn nu because:
No viable candidates found in PATH "/nix/store/l07gdbxylzfl8pbx9pxy6fyg95w4hjwy-nodejs-24.19.0/bin:/nix/store/pn3yxi56kj33zvw3scqkavvhp5mrlyq5-vicinae-0.23.2/bin:/home/outworld/.asdf/shims:/run/wrappers/bin:/home/outworld/.local/bin:/home/outworld/.nix-profile/bin:/nix/profile/bin:/home/outworld/.local/state/nix/profile/bin:/etc/profiles/per-user/outworld/bin:/nix/var/nix/profiles/default/bin:/run/current-system/sw/bin:/home/outworld/.krew/bin:/nix/store/54lapjili1w9yrdha21gb23vbmdivcy0-agterm-0.26.1/opt/agterm-linux/bin:/home/outworld/.krew/bin"
2026-09-20T19:35:51.055491Z ERROR herdr::app: failed to create default workspace err=Unable to spawn nu because:
No viable candidates found in PATH "/nix/store/l07gdbxylzfl8pbx9pxy6fyg95w4hjwy-nodejs-24.19.0/bin:/nix/store/pn3yxi56kj33zvw3scqkavvhp5mrlyq5-vicinae-0.23.2/bin:/home/outworld/.asdf/shims:/run/wrappers/bin:/home/outworld/.local/bin:/home/outworld/.nix-profile/bin:/nix/profile/bin:/home/outworld/.local/state/nix/profile/bin:/etc/profiles/per-user/outworld/bin:/nix/var/nix/profiles/default/bin:/run/current-system/sw/bin:/home/outworld/.krew/bin:/nix/store/54lapjili1w9yrdha21gb23vbmdivcy0-agterm-0.26.1/opt/agterm-linux/bin:/home/outworld/.krew/bin"
2026-09-20T19:35:51.058338Z  INFO herdr::logging: spawning pane terminal event="pane.spawn.start" subsystem="pane" outcome="started" pane_id=5 rows=40 cols=120 scrollback_limit_bytes=10000000
2026-09-20T19:35:51.058441Z ERROR herdr::pane: failed to spawn shell pane=5 err=Unable to spawn nu because:
No viable candidates found in PATH "/nix/store/l07gdbxylzfl8pbx9pxy6fyg95w4hjwy-nodejs-24.19.0/bin:/nix/store/pn3yxi56kj33zvw3scqkavvhp5mrlyq5-vicinae-0.23.2/bin:/home/outworld/.asdf/shims:/run/wrappers/bin:/home/outworld/.local/bin:/home/outworld/.nix-profile/bin:/nix/profile/bin:/home/outworld/.local/state/nix/profile/bin:/etc/profiles/per-user/outworld/bin:/nix/var/nix/profiles/default/bin:/run/current-system/sw/bin:/home/outworld/.krew/bin:/nix/store/54lapjili1w9yrdha21gb23vbmdivcy0-agterm-0.26.1/opt/agterm-linux/bin:/home/outworld/.krew/bin"
2026-09-20T19:35:51.058446Z ERROR herdr::app: failed to create default workspace err=Unable to spawn nu because:
No viable candidates found in PATH "/nix/store/l07gdbxylzfl8pbx9pxy6fyg95w4hjwy-nodejs-24.19.0/bin:/nix/store/pn3yxi56kj33zvw3scqkavvhp5mrlyq5-vicinae-0.23.2/bin:/home/outworld/.asdf/shims:/run/wrappers/bin:/home/outworld/.local/bin:/home/outworld/.nix-profile/bin:/nix/profile/bin:/home/outworld/.local/state/nix/profile/bin:/etc/profiles/per-user/outworld/bin:/nix/var/nix/profiles/default/bin:/run/current-system/sw/bin:/home/outworld/.krew/bin:/nix/store/54lapjili1w9yrdha21gb23vbmdivcy0-agterm-0.26.1/opt/agterm-linux/bin:/home/outworld/.krew/bin"
2026-09-20T19:35:51.058483Z  INFO herdr::logging: spawning pane terminal event="pane.spawn.start" subsystem="pane" outcome="started" pane_id=6 rows=40 cols=120 scrollback_limit_bytes=10000000
2026-09-20T19:35:51.058547Z ERROR herdr::pane: failed to spawn shell pane=6 err=Unable to spawn nu because:
No viable candidates found in PATH "/nix/store/l07gdbxylzfl8pbx9pxy6fyg95w4hjwy-nodejs-24.19.0/bin:/nix/store/pn3yxi56kj33zvw3scqkavvhp5mrlyq5-vicinae-0.23.2/bin:/home/outworld/.asdf/shims:/run/wrappers/bin:/home/outworld/.local/bin:/home/outworld/.nix-profile/bin:/nix/profile/bin:/home/outworld/.local/state/nix/profile/bin:/etc/profiles/per-user/outworld/bin:/nix/var/nix/profiles/default/bin:/run/current-system/sw/bin:/home/outworld/.krew/bin:/nix/store/54lapjili1w9yrdha21gb23vbmdivcy0-agterm-0.26.1/opt/agterm-linux/bin:/home/outworld/.krew/bin"
2026-09-20T19:35:51.058551Z ERROR herdr::app: failed to create default workspace err=Unable to spawn nu because:
No viable candidates found in PATH "/nix/store/l07gdbxylzfl8pbx9pxy6fyg95w4hjwy-nodejs-24.19.0/bin:/nix/store/pn3yxi56kj33zvw3scqkavvhp5mrlyq5-vicinae-0.23.2/bin:/home/outworld/.asdf/shims:/run/wrappers/bin:/home/outworld/.local/bin:/home/outworld/.nix-profile/bin:/nix/profile/bin:/home/outworld/.local/state/nix/profile/bin:/etc/profiles/per-user/outworld/bin:/nix/var/nix/profiles/default/bin:/run/current-system/sw/bin:/home/outworld/.krew/bin:/nix/store/54lapjili1w9yrdha21gb23vbmdivcy0-agterm-0.26.1/opt/agterm-linux/bin:/home/outworld/.krew/bin"
2026-09-20T19:35:51.058983Z  INFO herdr::logging: spawning pane terminal event="pane.spawn.start" subsystem="pane" outcome="started" pane_id=7 rows=40 cols=120 scrollback_limit_bytes=10000000
2026-09-20T19:35:51.059294Z ERROR herdr::pane: failed to spawn shell pane=7 err=Unable to spawn nu because:
No viable candidates found in PATH "/nix/store/l07gdbxylzfl8pbx9pxy6fyg95w4hjwy-nodejs-24.19.0/bin:/nix/store/pn3yxi56kj33zvw3scqkavvhp5mrlyq5-vicinae-0.23.2/bin:/home/outworld/.asdf/shims:/run/wrappers/bin:/home/outworld/.local/bin:/home/outworld/.nix-profile/bin:/nix/profile/bin:/home/outworld/.local/state/nix/profile/bin:/etc/profiles/per-user/outworld/bin:/nix/var/nix/profiles/default/bin:/run/current-system/sw/bin:/home/outworld/.krew/bin:/nix/store/54lapjili1w9yrdha21gb23vbmdivcy0-agterm-0.26.1/opt/agterm-linux/bin:/home/outworld/.krew/bin"
2026-09-20T19:35:51.059299Z ERROR herdr::app: failed to create default workspace err=Unable to spawn nu because:
No viable candidates found in PATH "/nix/store/l07gdbxylzfl8pbx9pxy6fyg95w4hjwy-nodejs-24.19.0/bin:/nix/store/pn3yxi56kj33zvw3scqkavvhp5mrlyq5-vicinae-0.23.2/bin:/home/outworld/.asdf/shims:/run/wrappers/bin:/home/outworld/.local/bin:/home/outworld/.nix-profile/bin:/nix/profile/bin:/home/outworld/.local/state/nix/profile/bin:/etc/profiles/per-user/outworld/bin:/nix/var/nix/profiles/default/bin:/run/current-system/sw/bin:/home/outworld/.krew/bin:/nix/store/54lapjili1w9yrdha21gb23vbmdivcy0-agterm-0.26.1/opt/agterm-linux/bin:/home/outworld/.krew/bin"
2026-09-20T19:35:51.059331Z  INFO herdr::logging: spawning pane terminal event="pane.spawn.start" subsystem="pane" outcome="started" pane_id=8 rows=40 cols=120 scrollback_limit_bytes=10000000
2026-09-20T19:35:51.059394Z ERROR herdr::pane: failed to spawn shell pane=8 err=Unable to spawn nu because:
No viable candidates found in PATH "/nix/store/l07gdbxylzfl8pbx9pxy6fyg95w4hjwy-nodejs-24.19.0/bin:/nix/store/pn3yxi56kj33zvw3scqkavvhp5mrlyq5-vicinae-0.23.2/bin:/home/outworld/.asdf/shims:/run/wrappers/bin:/home/outworld/.local/bin:/home/outworld/.nix-profile/bin:/nix/profile/bin:/home/outworld/.local/state/nix/profile/bin:/etc/profiles/per-user/outworld/bin:/nix/var/nix/profiles/default/bin:/run/current-system/sw/bin:/home/outworld/.krew/bin:/nix/store/54lapjili1w9yrdha21gb23vbmdivcy0-agterm-0.26.1/opt/agterm-linux/bin:/home/outworld/.krew/bin"
2026-09-20T19:35:51.059398Z ERROR herdr::app: failed to create default workspace err=Unable to spawn nu because:
No viable candidates found in PATH "/nix/store/l07gdbxylzfl8pbx9pxy6fyg95w4hjwy-nodejs-24.19.0/bin:/nix/store/pn3yxi56kj33zvw3scqkavvhp5mrlyq5-vicinae-0.23.2/bin:/home/outworld/.asdf/shims:/run/wrappers/bin:/home/outworld/.local/bin:/home/outworld/.nix-profile/bin:/nix/profile/bin:/home/outworld/.local/state/nix/profile/bin:/etc/profiles/per-user/outworld/bin:/nix/var/nix/profiles/default/bin:/run/current-system/sw/bin:/home/outworld/.krew/bin:/nix/store/54lapjili1w9yrdha21gb23vbmdivcy0-agterm-0.26.1/opt/agterm-linux/bin:/home/outworld/.krew/bin"
2026-09-20T19:35:51.060376Z  INFO herdr::logging: spawning pane terminal event="pane.spawn.start" subsystem="pane" outcome="started" pane_id=9 rows=40 cols=120 scrollback_limit_bytes=10000000
2026-09-20T19:35:51.060445Z ERROR herdr::pane: failed to spawn shell pane=9 err=Unable to spawn nu because:
No viable candidates found in PATH "/nix/store/l07gdbxylzfl8pbx9pxy6fyg95w4hjwy-nodejs-24.19.0/bin:/nix/store/pn3yxi56kj33zvw3scqkavvhp5mrlyq5-vicinae-0.23.2/bin:/home/outworld/.asdf/shims:/run/wrappers/bin:/home/outworld/.local/bin:/home/outworld/.nix-profile/bin:/nix/profile/bin:/home/outworld/.local/state/nix/profile/bin:/etc/profiles/per-user/outworld/bin:/nix/var/nix/profiles/default/bin:/run/current-system/sw/bin:/home/outworld/.krew/bin:/nix/store/54lapjili1w9yrdha21gb23vbmdivcy0-agterm-0.26.1/opt/agterm-linux/bin:/home/outworld/.krew/bin"
2026-09-20T19:35:51.060449Z ERROR herdr::app: failed to create default workspace err=Unable to spawn nu because:
No viable candidates found in PATH "/nix/store/l07gdbxylzfl8pbx9pxy6fyg95w4hjwy-nodejs-24.19.0/bin:/nix/store/pn3yxi56kj33zvw3scqkavvhp5mrlyq5-vicinae-0.23.2/bin:/home/outworld/.asdf/shims:/run/wrappers/bin:/home/outworld/.local/bin:/home/outworld/.nix-profile/bin:/nix/profile/bin:/home/outworld/.local/state/nix/profile/bin:/etc/profiles/per-user/outworld/bin:/nix/var/nix/profiles/default/bin:/run/current-system/sw/bin:/home/outworld/.krew/bin:/nix/store/54lapjili1w9yrdha21gb23vbmdivcy0-agterm-0.26.1/opt/agterm-linux/bin:/home/outworld/.krew/bin"
2026-09-20T19:35:51.060621Z  INFO herdr::logging: spawning pane terminal event="pane.spawn.start" subsystem="pane" outcome="started" pane_id=10 rows=40 cols=120 scrollback_limit_bytes=10000000
2026-09-20T19:35:51.060677Z ERROR herdr::pane: failed to spawn shell pane=10 err=Unable to spawn nu because:
No viable candidates found in PATH "/nix/store/l07gdbxylzfl8pbx9pxy6fyg95w4hjwy-nodejs-24.19.0/bin:/nix/store/pn3yxi56kj33zvw3scqkavvhp5mrlyq5-vicinae-0.23.2/bin:/home/outworld/.asdf/shims:/run/wrappers/bin:/home/outworld/.local/bin:/home/outworld/.nix-profile/bin:/nix/profile/bin:/home/outworld/.local/state/nix/profile/bin:/etc/profiles/per-user/outworld/bin:/nix/var/nix/profiles/default/bin:/run/current-system/sw/bin:/home/outworld/.krew/bin:/nix/store/54lapjili1w9yrdha21gb23vbmdivcy0-agterm-0.26.1/opt/agterm-linux/bin:/home/outworld/.krew/bin"
2026-09-20T19:35:51.060680Z ERROR herdr::app: failed to create default workspace err=Unable to spawn nu because:
No viable candidates found in PATH "/nix/store/l07gdbxylzfl8pbx9pxy6fyg95w4hjwy-nodejs-24.19.0/bin:/nix/store/pn3yxi56kj33zvw3scqkavvhp5mrlyq5-vicinae-0.23.2/bin:/home/outworld/.asdf/shims:/run/wrappers/bin:/home/outworld/.local/bin:/home/outworld/.nix-profile/bin:/nix/profile/bin:/home/outworld/.local/state/nix/profile/bin:/etc/profiles/per-user/outworld/bin:/nix/var/nix/profiles/default/bin:/run/current-system/sw/bin:/home/outworld/.krew/bin:/nix/store/54lapjili1w9yrdha21gb23vbmdivcy0-agterm-0.26.1/opt/agterm-linux/bin:/home/outworld/.krew/bin"
2026-09-20T19:35:51.060866Z  INFO herdr::logging: spawning pane terminal event="pane.spawn.start" subsystem="pane" outcome="started" pane_id=11 rows=40 cols=120 scrollback_limit_bytes=10000000
2026-09-20T19:35:51.060923Z ERROR herdr::pane: failed to spawn shell pane=11 err=Unable to spawn nu because:
No viable candidates found in PATH "/nix/store/l07gdbxylzfl8pbx9pxy6fyg95w4hjwy-nodejs-24.19.0/bin:/nix/store/pn3yxi56kj33zvw3scqkavvhp5mrlyq5-vicinae-0.23.2/bin:/home/outworld/.asdf/shims:/run/wrappers/bin:/home/outworld/.local/bin:/home/outworld/.nix-profile/bin:/nix/profile/bin:/home/outworld/.local/state/nix/profile/bin:/etc/profiles/per-user/outworld/bin:/nix/var/nix/profiles/default/bin:/run/current-system/sw/bin:/home/outworld/.krew/bin:/nix/store/54lapjili1w9yrdha21gb23vbmdivcy0-agterm-0.26.1/opt/agterm-linux/bin:/home/outworld/.krew/bin"
2026-09-20T19:35:51.060928Z ERROR herdr::app: failed to create default workspace err=Unable to spawn nu because:
No viable candidates found in PATH "/nix/store/l07gdbxylzfl8pbx9pxy6fyg95w4hjwy-nodejs-24.19.0/bin:/nix/store/pn3yxi56kj33zvw3scqkavvhp5mrlyq5-vicinae-0.23.2/bin:/home/outworld/.asdf/shims:/run/wrappers/bin:/home/outworld/.local/bin:/home/outworld/.nix-profile/bin:/nix/profile/bin:/home/outworld/.local/state/nix/profile/bin:/etc/profiles/per-user/outworld/bin:/nix/var/nix/profiles/default/bin:/run/current-system/sw/bin:/home/outworld/.krew/bin:/nix/store/54lapjili1w9yrdha21gb23vbmdivcy0-agterm-0.26.1/opt/agterm-linux/bin:/home/outworld/.krew/bin"
2026-09-20T19:35:51.071587Z  INFO herdr::logging: spawning pane terminal event="pane.spawn.start" subsystem="pane" outcome="started" pane_id=12 rows=40 cols=120 scrollback_limit_bytes=10000000
2026-09-20T19:35:51.071682Z ERROR herdr::pane: failed to spawn shell pane=12 err=Unable to spawn nu because:
No viable candidates found in PATH "/nix/store/l07gdbxylzfl8pbx9pxy6fyg95w4hjwy-nodejs-24.19.0/bin:/nix/store/pn3yxi56kj33zvw3scqkavvhp5mrlyq5-vicinae-0.23.2/bin:/home/outworld/.asdf/shims:/run/wrappers/bin:/home/outworld/.local/bin:/home/outworld/.nix-profile/bin:/nix/profile/bin:/home/outworld/.local/state/nix/profile/bin:/etc/profiles/per-user/outworld/bin:/nix/var/nix/profiles/default/bin:/run/current-system/sw/bin:/home/outworld/.krew/bin:/nix/store/54lapjili1w9yrdha21gb23vbmdivcy0-agterm-0.26.1/opt/agterm-linux/bin:/home/outworld/.krew/bin"
2026-09-20T19:35:51.071687Z ERROR herdr::app: failed to create default workspace err=Unable to spawn nu because:
No viable candidates found in PATH "/nix/store/l07gdbxylzfl8pbx9pxy6fyg95w4hjwy-nodejs-24.19.0/bin:/nix/store/pn3yxi56kj33zvw3scqkavvhp5mrlyq5-vicinae-0.23.2/bin:/home/outworld/.asdf/shims:/run/wrappers/bin:/home/outworld/.local/bin:/home/outworld/.nix-profile/bin:/nix/profile/bin:/home/outworld/.local/state/nix/profile/bin:/etc/profiles/per-user/outworld/bin:/nix/var/nix/profiles/default/bin:/run/current-system/sw/bin:/home/outworld/.krew/bin:/nix/store/54lapjili1w9yrdha21gb23vbmdivcy0-agterm-0.26.1/opt/agterm-linux/bin:/home/outworld/.krew/bin"
2026-09-20T19:35:51.072215Z  INFO herdr::logging: spawning pane terminal event="pane.spawn.start" subsystem="pane" outcome="started" pane_id=13 rows=40 cols=120 scrollback_limit_bytes=10000000
2026-09-20T19:35:51.072275Z ERROR herdr::pane: failed to spawn shell pane=13 err=Unable to spawn nu because:
No viable candidates found in PATH "/nix/store/l07gdbxylzfl8pbx9pxy6fyg95w4hjwy-nodejs-24.19.0/bin:/nix/store/pn3yxi56kj33zvw3scqkavvhp5mrlyq5-vicinae-0.23.2/bin:/home/outworld/.asdf/shims:/run/wrappers/bin:/home/outworld/.local/bin:/home/outworld/.nix-profile/bin:/nix/profile/bin:/home/outworld/.local/state/nix/profile/bin:/etc/profiles/per-user/outworld/bin:/nix/var/nix/profiles/default/bin:/run/current-system/sw/bin:/home/outworld/.krew/bin:/nix/store/54lapjili1w9yrdha21gb23vbmdivcy0-agterm-0.26.1/opt/agterm-linux/bin:/home/outworld/.krew/bin"
2026-09-20T19:35:51.072278Z ERROR herdr::app: failed to create default workspace err=Unable to spawn nu because:
No viable candidates found in PATH "/nix/store/l07gdbxylzfl8pbx9pxy6fyg95w4hjwy-nodejs-24.19.0/bin:/nix/store/pn3yxi56kj33zvw3scqkavvhp5mrlyq5-vicinae-0.23.2/bin:/home/outworld/.asdf/shims:/run/wrappers/bin:/home/outworld/.local/bin:/home/outworld/.nix-profile/bin:/nix/profile/bin:/home/outworld/.local/state/nix/profile/bin:/etc/profiles/per-user/outworld/bin:/nix/var/nix/profiles/default/bin:/run/current-system/sw/bin:/home/outworld/.krew/bin:/nix/store/54lapjili1w9yrdha21gb23vbmdivcy0-agterm-0.26.1/opt/agterm-linux/bin:/home/outworld/.krew/bin"
2026-09-20T19:35:51.322963Z  INFO herdr::logging: spawning pane terminal event="pane.spawn.start" subsystem="pane" outcome="started" pane_id=14 rows=40 cols=120 scrollback_limit_bytes=10000000
2026-09-20T19:35:51.323078Z ERROR herdr::pane: failed to spawn shell pane=14 err=Unable to spawn nu because:
No viable candidates found in PATH "/nix/store/l07gdbxylzfl8pbx9pxy6fyg95w4hjwy-nodejs-24.19.0/bin:/nix/store/pn3yxi56kj33zvw3scqkavvhp5mrlyq5-vicinae-0.23.2/bin:/home/outworld/.asdf/shims:/run/wrappers/bin:/home/outworld/.local/bin:/home/outworld/.nix-profile/bin:/nix/profile/bin:/home/outworld/.local/state/nix/profile/bin:/etc/profiles/per-user/outworld/bin:/nix/var/nix/profiles/default/bin:/run/current-system/sw/bin:/home/outworld/.krew/bin:/nix/store/54lapjili1w9yrdha21gb23vbmdivcy0-agterm-0.26.1/opt/agterm-linux/bin:/home/outworld/.krew/bin"
2026-09-20T19:35:51.323085Z ERROR herdr::app: failed to create default workspace err=Unable to spawn nu because:
No viable candidates found in PATH "/nix/store/l07gdbxylzfl8pbx9pxy6fyg95w4hjwy-nodejs-24.19.0/bin:/nix/store/pn3yxi56kj33zvw3scqkavvhp5mrlyq5-vicinae-0.23.2/bin:/home/outworld/.asdf/shims:/run/wrappers/bin:/home/outworld/.local/bin:/home/outworld/.nix-profile/bin:/nix/profile/bin:/home/outworld/.local/state/nix/profile/bin:/etc/profiles/per-user/outworld/bin:/nix/var/nix/profiles/default/bin:/run/current-system/sw/bin:/home/outworld/.krew/bin:/nix/store/54lapjili1w9yrdha21gb23vbmdivcy0-agterm-0.26.1/opt/agterm-linux/bin:/home/outworld/.krew/bin"
2026-09-20T19:35:51.425380Z  WARN herdr::detect::manifest_update: skipping unknown remote manifest agent agent="letta"
2026-09-20T19:35:51.574338Z  INFO herdr::logging: spawning pane terminal event="pane.spawn.start" subsystem="pane" outcome="started" pane_id=15 rows=40 cols=120 scrollback_limit_bytes=10000000
2026-09-20T19:35:51.574461Z ERROR herdr::pane: failed to spawn shell pane=15 err=Unable to spawn nu because:
No viable candidates found in PATH "/nix/store/l07gdbxylzfl8pbx9pxy6fyg95w4hjwy-nodejs-24.19.0/bin:/nix/store/pn3yxi56kj33zvw3scqkavvhp5mrlyq5-vicinae-0.23.2/bin:/home/outworld/.asdf/shims:/run/wrappers/bin:/home/outworld/.local/bin:/home/outworld/.nix-profile/bin:/nix/profile/bin:/home/outworld/.local/state/nix/profile/bin:/etc/profiles/per-user/outworld/bin:/nix/var/nix/profiles/default/bin:/run/current-system/sw/bin:/home/outworld/.krew/bin:/nix/store/54lapjili1w9yrdha21gb23vbmdivcy0-agterm-0.26.1/opt/agterm-linux/bin:/home/outworld/.krew/bin"
2026-09-20T19:35:51.574468Z ERROR herdr::app: failed to create default workspace err=Unable to spawn nu because:
No viable candidates found in PATH "/nix/store/l07gdbxylzfl8pbx9pxy6fyg95w4hjwy-nodejs-24.19.0/bin:/nix/store/pn3yxi56kj33zvw3scqkavvhp5mrlyq5-vicinae-0.23.2/bin:/home/outworld/.asdf/shims:/run/wrappers/bin:/home/outworld/.local/bin:/home/outworld/.nix-profile/bin:/nix/profile/bin:/home/outworld/.local/state/nix/profile/bin:/etc/profiles/per-user/outworld/bin:/nix/var/nix/profiles/default/bin:/run/current-system/sw/bin:/home/outworld/.krew/bin:/nix/store/54lapjili1w9yrdha21gb23vbmdivcy0-agterm-0.26.1/opt/agterm-linux/bin:/home/outworld/.krew/bin"
2026-09-20T19:35:51.703170Z  INFO herdr::logging: update available event="update.available" subsystem="update" outcome="ok" version="0.9.1"
2026-09-20T19:35:51.703180Z  INFO herdr::update: new stable build available at https://github.com/herdrdev/herdr/releases/download/v0.9.1/herdr-linux-x86_64
2026-09-20T19:35:51.703250Z  INFO herdr::update: auto-update check: 0.9.1 available, waiting for explicit install
2026-09-20T19:35:51.703344Z  INFO herdr::logging: spawning pane terminal event="pane.spawn.start" subsystem="pane" outcome="started" pane_id=16 rows=40 cols=120 scrollback_limit_bytes=10000000
2026-09-20T19:35:51.703454Z ERROR herdr::pane: failed to spawn shell pane=16 err=Unable to spawn nu because:
No viable candidates found in PATH "/nix/store/l07gdbxylzfl8pbx9pxy6fyg95w4hjwy-nodejs-24.19.0/bin:/nix/store/pn3yxi56kj33zvw3scqkavvhp5mrlyq5-vicinae-0.23.2/bin:/home/outworld/.asdf/shims:/run/wrappers/bin:/home/outworld/.local/bin:/home/outworld/.nix-profile/bin:/nix/profile/bin:/home/outworld/.local/state/nix/profile/bin:/etc/profiles/per-user/outworld/bin:/nix/var/nix/profiles/default/bin:/run/current-system/sw/bin:/home/outworld/.krew/bin:/nix/store/54lapjili1w9yrdha21gb23vbmdivcy0-agterm-0.26.1/opt/agterm-linux/bin:/home/outworld/.krew/bin"
2026-09-20T19:35:51.703463Z ERROR herdr::app: failed to create default workspace err=Unable to spawn nu because:
No viable candidates found in PATH "/nix/store/l07gdbxylzfl8pbx9pxy6fyg95w4hjwy-nodejs-24.19.0/bin:/nix/store/pn3yxi56kj33zvw3scqkavvhp5mrlyq5-vicinae-0.23.2/bin:/home/outworld/.asdf/shims:/run/wrappers/bin:/home/outworld/.local/bin:/home/outworld/.nix-profile/bin:/nix/profile/bin:/home/outworld/.local/state/nix/profile/bin:/etc/profiles/per-user/outworld/bin:/nix/var/nix/profiles/default/bin:/run/current-system/sw/bin:/home/outworld/.krew/bin:/nix/store/54lapjili1w9yrdha21gb23vbmdivcy0-agterm-0.26.1/opt/agterm-linux/bin:/home/outworld/.krew/bin"
2026-09-20T19:35:51.704354Z  INFO herdr::logging: spawning pane terminal event="pane.spawn.start" subsystem="pane" outcome="started" pane_id=17 rows=40 cols=120 scrollback_limit_bytes=10000000
2026-09-20T19:35:51.704419Z ERROR herdr::pane: failed to spawn shell pane=17 err=Unable to spawn nu because:
No viable candidates found in PATH "/nix/store/l07gdbxylzfl8pbx9pxy6fyg95w4hjwy-nodejs-24.19.0/bin:/nix/store/pn3yxi56kj33zvw3scqkavvhp5mrlyq5-vicinae-0.23.2/bin:/home/outworld/.asdf/shims:/run/wrappers/bin:/home/outworld/.local/bin:/home/outworld/.nix-profile/bin:/nix/profile/bin:/home/outworld/.local/state/nix/profile/bin:/etc/profiles/per-user/outworld/bin:/nix/var/nix/profiles/default/bin:/run/current-system/sw/bin:/home/outworld/.krew/bin:/nix/store/54lapjili1w9yrdha21gb23vbmdivcy0-agterm-0.26.1/opt/agterm-linux/bin:/home/outworld/.krew/bin"
2026-09-20T19:35:51.704423Z ERROR herdr::app: failed to create default workspace err=Unable to spawn nu because:
No viable candidates found in PATH "/nix/store/l07gdbxylzfl8pbx9pxy6fyg95w4hjwy-nodejs-24.19.0/bin:/nix/store/pn3yxi56kj33zvw3scqkavvhp5mrlyq5-vicinae-0.23.2/bin:/home/outworld/.asdf/shims:/run/wrappers/bin:/home/outworld/.local/bin:/home/outworld/.nix-profile/bin:/nix/profile/bin:/home/outworld/.local/state/nix/profile/bin:/etc/profiles/per-user/outworld/bin:/nix/var/nix/profiles/default/bin:/run/current-system/sw/bin:/home/outworld/.krew/bin:/nix/store/54lapjili1w9yrdha21gb23vbmdivcy0-agterm-0.26.1/opt/agterm-linux/bin:/home/outworld/.krew/bin"
2026-09-20T19:35:51.955872Z  INFO herdr::logging: spawning pane terminal event="pane.spawn.start" subsystem="pane" outcome="started" pane_id=18 rows=40 cols=120 scrollback_limit_bytes=10000000
2026-09-20T19:35:51.955985Z ERROR herdr::pane: failed to spawn shell pane=18 err=Unable to spawn nu because:
No viable candidates found in PATH "/nix/store/l07gdbxylzfl8pbx9pxy6fyg95w4hjwy-nodejs-24.19.0/bin:/nix/store/pn3yxi56kj33zvw3scqkavvhp5mrlyq5-vicinae-0.23.2/bin:/home/outworld/.asdf/shims:/run/wrappers/bin:/home/outworld/.local/bin:/home/outworld/.nix-profile/bin:/nix/profile/bin:/home/outworld/.local/state/nix/profile/bin:/etc/profiles/per-user/outworld/bin:/nix/var/nix/profiles/default/bin:/run/current-system/sw/bin:/home/outworld/.krew/bin:/nix/store/54lapjili1w9yrdha21gb23vbmdivcy0-agterm-0.26.1/opt/agterm-linux/bin:/home/outworld/.krew/bin"
2026-09-20T19:35:51.955991Z ERROR herdr::app: failed to create default workspace err=Unable to spawn nu because:
No viable candidates found in PATH "/nix/store/l07gdbxylzfl8pbx9pxy6fyg95w4hjwy-nodejs-24.19.0/bin:/nix/store/pn3yxi56kj33zvw3scqkavvhp5mrlyq5-vicinae-0.23.2/bin:/home/outworld/.asdf/shims:/run/wrappers/bin:/home/outworld/.local/bin:/home/outworld/.nix-profile/bin:/nix/profile/bin:/home/outworld/.local/state/nix/profile/bin:/etc/profiles/per-user/outworld/bin:/nix/var/nix/profiles/default/bin:/run/current-system/sw/bin:/home/outworld/.krew/bin:/nix/store/54lapjili1w9yrdha21gb23vbmdivcy0-agterm-0.26.1/opt/agterm-linux/bin:/home/outworld/.krew/bin"
2026-09-20T19:35:52.207267Z  INFO herdr::logging: spawning pane terminal event="pane.spawn.start" subsystem="pane" outcome="started" pane_id=19 rows=40 cols=120 scrollback_limit_bytes=10000000
2026-09-20T19:35:52.207387Z ERROR herdr::pane: failed to spawn shell pane=19 err=Unable to spawn nu because:
No viable candidates found in PATH "/nix/store/l07gdbxylzfl8pbx9pxy6fyg95w4hjwy-nodejs-24.19.0/bin:/nix/store/pn3yxi56kj33zvw3scqkavvhp5mrlyq5-vicinae-0.23.2/bin:/home/outworld/.asdf/shims:/run/wrappers/bin:/home/outworld/.local/bin:/home/outworld/.nix-profile/bin:/nix/profile/bin:/home/outworld/.local/state/nix/profile/bin:/etc/profiles/per-user/outworld/bin:/nix/var/nix/profiles/default/bin:/run/current-system/sw/bin:/home/outworld/.krew/bin:/nix/store/54lapjili1w9yrdha21gb23vbmdivcy0-agterm-0.26.1/opt/agterm-linux/bin:/home/outworld/.krew/bin"
2026-09-20T19:35:52.207393Z ERROR herdr::app: failed to create default workspace err=Unable to spawn nu because:
No viable candidates found in PATH "/nix/store/l07gdbxylzfl8pbx9pxy6fyg95w4hjwy-nodejs-24.19.0/bin:/nix/store/pn3yxi56kj33zvw3scqkavvhp5mrlyq5-vicinae-0.23.2/bin:/home/outworld/.asdf/shims:/run/wrappers/bin:/home/outworld/.local/bin:/home/outworld/.nix-profile/bin:/nix/profile/bin:/home/outworld/.local/state/nix/profile/bin:/etc/profiles/per-user/outworld/bin:/nix/var/nix/profiles/default/bin:/run/current-system/sw/bin:/home/outworld/.krew/bin:/nix/store/54lapjili1w9yrdha21gb23vbmdivcy0-agterm-0.26.1/opt/agterm-linux/bin:/home/outworld/.krew/bin"
2026-09-20T19:35:52.458669Z  INFO herdr::logging: spawning pane terminal event="pane.spawn.start" subsystem="pane" outcome="started" pane_id=20 rows=40 cols=120 scrollback_limit_bytes=10000000
2026-09-20T19:35:52.458776Z ERROR herdr::pane: failed to spawn shell pane=20 err=Unable to spawn nu because:
No viable candidates found in PATH "/nix/store/l07gdbxylzfl8pbx9pxy6fyg95w4hjwy-nodejs-24.19.0/bin:/nix/store/pn3yxi56kj33zvw3scqkavvhp5mrlyq5-vicinae-0.23.2/bin:/home/outworld/.asdf/shims:/run/wrappers/bin:/home/outworld/.local/bin:/home/outworld/.nix-profile/bin:/nix/profile/bin:/home/outworld/.local/state/nix/profile/bin:/etc/profiles/per-user/outworld/bin:/nix/var/nix/profiles/default/bin:/run/current-system/sw/bin:/home/outworld/.krew/bin:/nix/store/54lapjili1w9yrdha21gb23vbmdivcy0-agterm-0.26.1/opt/agterm-linux/bin:/home/outworld/.krew/bin"
2026-09-20T19:35:52.458782Z ERROR herdr::app: failed to create default workspace err=Unable to spawn nu because:
No viable candidates found in PATH "/nix/store/l07gdbxylzfl8pbx9pxy6fyg95w4hjwy-nodejs-24.19.0/bin:/nix/store/pn3yxi56kj33zvw3scqkavvhp5mrlyq5-vicinae-0.23.2/bin:/home/outworld/.asdf/shims:/run/wrappers/bin:/home/outworld/.local/bin:/home/outworld/.nix-profile/bin:/nix/profile/bin:/home/outworld/.local/state/nix/profile/bin:/etc/profiles/per-user/outworld/bin:/nix/var/nix/profiles/default/bin:/run/current-system/sw/bin:/home/outworld/.krew/bin:/nix/store/54lapjili1w9yrdha21gb23vbmdivcy0-agterm-0.26.1/opt/agterm-linux/bin:/home/outworld/.krew/bin"
2026-09-20T19:35:52.710034Z  INFO herdr::logging: spawning pane terminal event="pane.spawn.start" subsystem="pane" outcome="started" pane_id=21 rows=40 cols=120 scrollback_limit_bytes=10000000
2026-09-20T19:35:52.710174Z ERROR herdr::pane: failed to spawn shell pane=21 err=Unable to spawn nu because:
No viable candidates found in PATH "/nix/store/l07gdbxylzfl8pbx9pxy6fyg95w4hjwy-nodejs-24.19.0/bin:/nix/store/pn3yxi56kj33zvw3scqkavvhp5mrlyq5-vicinae-0.23.2/bin:/home/outworld/.asdf/shims:/run/wrappers/bin:/home/outworld/.local/bin:/home/outworld/.nix-profile/bin:/nix/profile/bin:/home/outworld/.local/state/nix/profile/bin:/etc/profiles/per-user/outworld/bin:/nix/var/nix/profiles/default/bin:/run/current-system/sw/bin:/home/outworld/.krew/bin:/nix/store/54lapjili1w9yrdha21gb23vbmdivcy0-agterm-0.26.1/opt/agterm-linux/bin:/home/outworld/.krew/bin"
2026-09-20T19:35:52.710185Z ERROR herdr::app: failed to create default workspace err=Unable to spawn nu because:
No viable candidates found in PATH "/nix/store/l07gdbxylzfl8pbx9pxy6fyg95w4hjwy-nodejs-24.19.0/bin:/nix/store/pn3yxi56kj33zvw3scqkavvhp5mrlyq5-vicinae-0.23.2/bin:/home/outworld/.asdf/shims:/run/wrappers/bin:/home/outworld/.local/bin:/home/outworld/.nix-profile/bin:/nix/profile/bin:/home/outworld/.local/state/nix/profile/bin:/etc/profiles/per-user/outworld/bin:/nix/var/nix/profiles/default/bin:/run/current-system/sw/bin:/home/outworld/.krew/bin:/nix/store/54lapjili1w9yrdha21gb23vbmdivcy0-agterm-0.26.1/opt/agterm-linux/bin:/home/outworld/.krew/bin"
2026-09-20T19:35:52.961394Z  INFO herdr::logging: spawning pane terminal event="pane.spawn.start" subsystem="pane" outcome="started" pane_id=22 rows=40 cols=120 scrollback_limit_bytes=10000000
2026-09-20T19:35:52.961507Z ERROR herdr::pane: failed to spawn shell pane=22 err=Unable to spawn nu because:
No viable candidates found in PATH "/nix/store/l07gdbxylzfl8pbx9pxy6fyg95w4hjwy-nodejs-24.19.0/bin:/nix/store/pn3yxi56kj33zvw3scqkavvhp5mrlyq5-vicinae-0.23.2/bin:/home/outworld/.asdf/shims:/run/wrappers/bin:/home/outworld/.local/bin:/home/outworld/.nix-profile/bin:/nix/profile/bin:/home/outworld/.local/state/nix/profile/bin:/etc/profiles/per-user/outworld/bin:/nix/var/nix/profiles/default/bin:/run/current-system/sw/bin:/home/outworld/.krew/bin:/nix/store/54lapjili1w9yrdha21gb23vbmdivcy0-agterm-0.26.1/opt/agterm-linux/bin:/home/outworld/.krew/bin"
2026-09-20T19:35:52.961514Z ERROR herdr::app: failed to create default workspace err=Unable to spawn nu because:
No viable candidates found in PATH "/nix/store/l07gdbxylzfl8pbx9pxy6fyg95w4hjwy-nodejs-24.19.0/bin:/nix/store/pn3yxi56kj33zvw3scqkavvhp5mrlyq5-vicinae-0.23.2/bin:/home/outworld/.asdf/shims:/run/wrappers/bin:/home/outworld/.local/bin:/home/outworld/.nix-profile/bin:/nix/profile/bin:/home/outworld/.local/state/nix/profile/bin:/etc/profiles/per-user/outworld/bin:/nix/var/nix/profiles/default/bin:/run/current-system/sw/bin:/home/outworld/.krew/bin:/nix/store/54lapjili1w9yrdha21gb23vbmdivcy0-agterm-0.26.1/opt/agterm-linux/bin:/home/outworld/.krew/bin"
2026-09-20T19:35:53.212641Z  INFO herdr::logging: spawning pane terminal event="pane.spawn.start" subsystem="pane" outcome="started" pane_id=23 rows=40 cols=120 scrollback_limit_bytes=10000000
2026-09-20T19:35:53.212763Z ERROR herdr::pane: failed to spawn shell pane=23 err=Unable to spawn nu because:
No viable candidates found in PATH "/nix/store/l07gdbxylzfl8pbx9pxy6fyg95w4hjwy-nodejs-24.19.0/bin:/nix/store/pn3yxi56kj33zvw3scqkavvhp5mrlyq5-vicinae-0.23.2/bin:/home/outworld/.asdf/shims:/run/wrappers/bin:/home/outworld/.local/bin:/home/outworld/.nix-profile/bin:/nix/profile/bin:/home/outworld/.local/state/nix/profile/bin:/etc/profiles/per-user/outworld/bin:/nix/var/nix/profiles/default/bin:/run/current-system/sw/bin:/home/outworld/.krew/bin:/nix/store/54lapjili1w9yrdha21gb23vbmdivcy0-agterm-0.26.1/opt/agterm-linux/bin:/home/outworld/.krew/bin"
2026-09-20T19:35:53.212770Z ERROR herdr::app: failed to create default workspace err=Unable to spawn nu because:
No viable candidates found in PATH "/nix/store/l07gdbxylzfl8pbx9pxy6fyg95w4hjwy-nodejs-24.19.0/bin:/nix/store/pn3yxi56kj33zvw3scqkavvhp5mrlyq5-vicinae-0.23.2/bin:/home/outworld/.asdf/shims:/run/wrappers/bin:/home/outworld/.local/bin:/home/outworld/.nix-profile/bin:/nix/profile/bin:/home/outworld/.local/state/nix/profile/bin:/etc/profiles/per-user/outworld/bin:/nix/var/nix/profiles/default/bin:/run/current-system/sw/bin:/home/outworld/.krew/bin:/nix/store/54lapjili1w9yrdha21gb23vbmdivcy0-agterm-0.26.1/opt/agterm-linux/bin:/home/outworld/.krew/bin"
2026-09-20T19:35:53.462997Z  INFO herdr::logging: spawning pane terminal event="pane.spawn.start" subsystem="pane" outcome="started" pane_id=24 rows=40 cols=120 scrollback_limit_bytes=10000000
2026-09-20T19:35:53.463109Z ERROR herdr::pane: failed to spawn shell pane=24 err=Unable to spawn nu because:
No viable candidates found in PATH "/nix/store/l07gdbxylzfl8pbx9pxy6fyg95w4hjwy-nodejs-24.19.0/bin:/nix/store/pn3yxi56kj33zvw3scqkavvhp5mrlyq5-vicinae-0.23.2/bin:/home/outworld/.asdf/shims:/run/wrappers/bin:/home/outworld/.local/bin:/home/outworld/.nix-profile/bin:/nix/profile/bin:/home/outworld/.local/state/nix/profile/bin:/etc/profiles/per-user/outworld/bin:/nix/var/nix/profiles/default/bin:/run/current-system/sw/bin:/home/outworld/.krew/bin:/nix/store/54lapjili1w9yrdha21gb23vbmdivcy0-agterm-0.26.1/opt/agterm-linux/bin:/home/outworld/.krew/bin"
2026-09-20T19:35:53.463118Z ERROR herdr::app: failed to create default workspace err=Unable to spawn nu because:
No viable candidates found in PATH "/nix/store/l07gdbxylzfl8pbx9pxy6fyg95w4hjwy-nodejs-24.19.0/bin:/nix/store/pn3yxi56kj33zvw3scqkavvhp5mrlyq5-vicinae-0.23.2/bin:/home/outworld/.asdf/shims:/run/wrappers/bin:/home/outworld/.local/bin:/home/outworld/.nix-profile/bin:/nix/profile/bin:/home/outworld/.local/state/nix/profile/bin:/etc/profiles/per-user/outworld/bin:/nix/var/nix/profiles/default/bin:/run/current-system/sw/bin:/home/outworld/.krew/bin:/nix/store/54lapjili1w9yrdha21gb23vbmdivcy0-agterm-0.26.1/opt/agterm-linux/bin:/home/outworld/.krew/bin"
2026-09-20T19:35:53.714404Z  INFO herdr::logging: spawning pane terminal event="pane.spawn.start" subsystem="pane" outcome="started" pane_id=25 rows=40 cols=120 scrollback_limit_bytes=10000000
2026-09-20T19:35:53.714525Z ERROR herdr::pane: failed to spawn shell pane=25 err=Unable to spawn nu because:
No viable candidates found in PATH "/nix/store/l07gdbxylzfl8pbx9pxy6fyg95w4hjwy-nodejs-24.19.0/bin:/nix/store/pn3yxi56kj33zvw3scqkavvhp5mrlyq5-vicinae-0.23.2/bin:/home/outworld/.asdf/shims:/run/wrappers/bin:/home/outworld/.local/bin:/home/outworld/.nix-profile/bin:/nix/profile/bin:/home/outworld/.local/state/nix/profile/bin:/etc/profiles/per-user/outworld/bin:/nix/var/nix/profiles/default/bin:/run/current-system/sw/bin:/home/outworld/.krew/bin:/nix/store/54lapjili1w9yrdha21gb23vbmdivcy0-agterm-0.26.1/opt/agterm-linux/bin:/home/outworld/.krew/bin"
2026-09-20T19:35:53.714532Z ERROR herdr::app: failed to create default workspace err=Unable to spawn nu because:
No viable candidates found in PATH "/nix/store/l07gdbxylzfl8pbx9pxy6fyg95w4hjwy-nodejs-24.19.0/bin:/nix/store/pn3yxi56kj33zvw3scqkavvhp5mrlyq5-vicinae-0.23.2/bin:/home/outworld/.asdf/shims:/run/wrappers/bin:/home/outworld/.local/bin:/home/outworld/.nix-profile/bin:/nix/profile/bin:/home/outworld/.local/state/nix/profile/bin:/etc/profiles/per-user/outworld/bin:/nix/var/nix/profiles/default/bin:/run/current-system/sw/bin:/home/outworld/.krew/bin:/nix/store/54lapjili1w9yrdha21gb23vbmdivcy0-agterm-0.26.1/opt/agterm-linux/bin:/home/outworld/.krew/bin"
2026-09-20T19:35:53.965852Z  INFO herdr::logging: spawning pane terminal event="pane.spawn.start" subsystem="pane" outcome="started" pane_id=26 rows=40 cols=120 scrollback_limit_bytes=10000000
2026-09-20T19:35:53.965959Z ERROR herdr::pane: failed to spawn shell pane=26 err=Unable to spawn nu because:
No viable candidates found in PATH "/nix/store/l07gdbxylzfl8pbx9pxy6fyg95w4hjwy-nodejs-24.19.0/bin:/nix/store/pn3yxi56kj33zvw3scqkavvhp5mrlyq5-vicinae-0.23.2/bin:/home/outworld/.asdf/shims:/run/wrappers/bin:/home/outworld/.local/bin:/home/outworld/.nix-profile/bin:/nix/profile/bin:/home/outworld/.local/state/nix/profile/bin:/etc/profiles/per-user/outworld/bin:/nix/var/nix/profiles/default/bin:/run/current-system/sw/bin:/home/outworld/.krew/bin:/nix/store/54lapjili1w9yrdha21gb23vbmdivcy0-agterm-0.26.1/opt/agterm-linux/bin:/home/outworld/.krew/bin"
2026-09-20T19:35:53.965965Z ERROR herdr::app: failed to create default workspace err=Unable to spawn nu because:
No viable candidates found in PATH "/nix/store/l07gdbxylzfl8pbx9pxy6fyg95w4hjwy-nodejs-24.19.0/bin:/nix/store/pn3yxi56kj33zvw3scqkavvhp5mrlyq5-vicinae-0.23.2/bin:/home/outworld/.asdf/shims:/run/wrappers/bin:/home/outworld/.local/bin:/home/outworld/.nix-profile/bin:/nix/profile/bin:/home/outworld/.local/state/nix/profile/bin:/etc/profiles/per-user/outworld/bin:/nix/var/nix/profiles/default/bin:/run/current-system/sw/bin:/home/outworld/.krew/bin:/nix/store/54lapjili1w9yrdha21gb23vbmdivcy0-agterm-0.26.1/opt/agterm-linux/bin:/home/outworld/.krew/bin"
2026-09-20T19:35:54.217298Z  INFO herdr::logging: spawning pane terminal event="pane.spawn.start" subsystem="pane" outcome="started" pane_id=27 rows=40 cols=120 scrollback_limit_bytes=10000000
2026-09-20T19:35:54.217411Z ERROR herdr::pane: failed to spawn shell pane=27 err=Unable to spawn nu because:
No viable candidates found in PATH "/nix/store/l07gdbxylzfl8pbx9pxy6fyg95w4hjwy-nodejs-24.19.0/bin:/nix/store/pn3yxi56kj33zvw3scqkavvhp5mrlyq5-vicinae-0.23.2/bin:/home/outworld/.asdf/shims:/run/wrappers/bin:/home/outworld/.local/bin:/home/outworld/.nix-profile/bin:/nix/profile/bin:/home/outworld/.local/state/nix/profile/bin:/etc/profiles/per-user/outworld/bin:/nix/var/nix/profiles/default/bin:/run/current-system/sw/bin:/home/outworld/.krew/bin:/nix/store/54lapjili1w9yrdha21gb23vbmdivcy0-agterm-0.26.1/opt/agterm-linux/bin:/home/outworld/.krew/bin"
2026-09-20T19:35:54.217418Z ERROR herdr::app: failed to create default workspace err=Unable to spawn nu because:
No viable candidates found in PATH "/nix/store/l07gdbxylzfl8pbx9pxy6fyg95w4hjwy-nodejs-24.19.0/bin:/nix/store/pn3yxi56kj33zvw3scqkavvhp5mrlyq5-vicinae-0.23.2/bin:/home/outworld/.asdf/shims:/run/wrappers/bin:/home/outworld/.local/bin:/home/outworld/.nix-profile/bin:/nix/profile/bin:/home/outworld/.local/state/nix/profile/bin:/etc/profiles/per-user/outworld/bin:/nix/var/nix/profiles/default/bin:/run/current-system/sw/bin:/home/outworld/.krew/bin:/nix/store/54lapjili1w9yrdha21gb23vbmdivcy0-agterm-0.26.1/opt/agterm-linux/bin:/home/outworld/.krew/bin"
2026-09-20T19:35:54.468752Z  INFO herdr::logging: spawning pane terminal event="pane.spawn.start" subsystem="pane" outcome="started" pane_id=28 rows=40 cols=120 scrollback_limit_bytes=10000000
2026-09-20T19:35:54.468868Z ERROR herdr::pane: failed to spawn shell pane=28 err=Unable to spawn nu because:
No viable candidates found in PATH "/nix/store/l07gdbxylzfl8pbx9pxy6fyg95w4hjwy-nodejs-24.19.0/bin:/nix/store/pn3yxi56kj33zvw3scqkavvhp5mrlyq5-vicinae-0.23.2/bin:/home/outworld/.asdf/shims:/run/wrappers/bin:/home/outworld/.local/bin:/home/outworld/.nix-profile/bin:/nix/profile/bin:/home/outworld/.local/state/nix/profile/bin:/etc/profiles/per-user/outworld/bin:/nix/var/nix/profiles/default/bin:/run/current-system/sw/bin:/home/outworld/.krew/bin:/nix/store/54lapjili1w9yrdha21gb23vbmdivcy0-agterm-0.26.1/opt/agterm-linux/bin:/home/outworld/.krew/bin"
2026-09-20T19:35:54.468875Z ERROR herdr::app: failed to create default workspace err=Unable to spawn nu because:
No viable candidates found in PATH "/nix/store/l07gdbxylzfl8pbx9pxy6fyg95w4hjwy-nodejs-24.19.0/bin:/nix/store/pn3yxi56kj33zvw3scqkavvhp5mrlyq5-vicinae-0.23.2/bin:/home/outworld/.asdf/shims:/run/wrappers/bin:/home/outworld/.local/bin:/home/outworld/.nix-profile/bin:/nix/profile/bin:/home/outworld/.local/state/nix/profile/bin:/etc/profiles/per-user/outworld/bin:/nix/var/nix/profiles/default/bin:/run/current-system/sw/bin:/home/outworld/.krew/bin:/nix/store/54lapjili1w9yrdha21gb23vbmdivcy0-agterm-0.26.1/opt/agterm-linux/bin:/home/outworld/.krew/bin"
2026-09-20T19:35:54.719224Z  INFO herdr::logging: spawning pane terminal event="pane.spawn.start" subsystem="pane" outcome="started" pane_id=29 rows=40 cols=120 scrollback_limit_bytes=10000000
2026-09-20T19:35:54.719364Z ERROR herdr::pane: failed to spawn shell pane=29 err=Unable to spawn nu because:
No viable candidates found in PATH "/nix/store/l07gdbxylzfl8pbx9pxy6fyg95w4hjwy-nodejs-24.19.0/bin:/nix/store/pn3yxi56kj33zvw3scqkavvhp5mrlyq5-vicinae-0.23.2/bin:/home/outworld/.asdf/shims:/run/wrappers/bin:/home/outworld/.local/bin:/home/outworld/.nix-profile/bin:/nix/profile/bin:/home/outworld/.local/state/nix/profile/bin:/etc/profiles/per-user/outworld/bin:/nix/var/nix/profiles/default/bin:/run/current-system/sw/bin:/home/outworld/.krew/bin:/nix/store/54lapjili1w9yrdha21gb23vbmdivcy0-agterm-0.26.1/opt/agterm-linux/bin:/home/outworld/.krew/bin"
2026-09-20T19:35:54.719372Z ERROR herdr::app: failed to create default workspace err=Unable to spawn nu because:
No viable candidates found in PATH "/nix/store/l07gdbxylzfl8pbx9pxy6fyg95w4hjwy-nodejs-24.19.0/bin:/nix/store/pn3yxi56kj33zvw3scqkavvhp5mrlyq5-vicinae-0.23.2/bin:/home/outworld/.asdf/shims:/run/wrappers/bin:/home/outworld/.local/bin:/home/outworld/.nix-profile/bin:/nix/profile/bin:/home/outworld/.local/state/nix/profile/bin:/etc/profiles/per-user/outworld/bin:/nix/var/nix/profiles/default/bin:/run/current-system/sw/bin:/home/outworld/.krew/bin:/nix/store/54lapjili1w9yrdha21gb23vbmdivcy0-agterm-0.26.1/opt/agterm-linux/bin:/home/outworld/.krew/bin"
2026-09-20T19:35:54.970750Z  INFO herdr::logging: spawning pane terminal event="pane.spawn.start" subsystem="pane" outcome="started" pane_id=30 rows=40 cols=120 scrollback_limit_bytes=10000000
2026-09-20T19:35:54.970895Z ERROR herdr::pane: failed to spawn shell pane=30 err=Unable to spawn nu because:
No viable candidates found in PATH "/nix/store/l07gdbxylzfl8pbx9pxy6fyg95w4hjwy-nodejs-24.19.0/bin:/nix/store/pn3yxi56kj33zvw3scqkavvhp5mrlyq5-vicinae-0.23.2/bin:/home/outworld/.asdf/shims:/run/wrappers/bin:/home/outworld/.local/bin:/home/outworld/.nix-profile/bin:/nix/profile/bin:/home/outworld/.local/state/nix/profile/bin:/etc/profiles/per-user/outworld/bin:/nix/var/nix/profiles/default/bin:/run/current-system/sw/bin:/home/outworld/.krew/bin:/nix/store/54lapjili1w9yrdha21gb23vbmdivcy0-agterm-0.26.1/opt/agterm-linux/bin:/home/outworld/.krew/bin"
2026-09-20T19:35:54.970904Z ERROR herdr::app: failed to create default workspace err=Unable to spawn nu because:
No viable candidates found in PATH "/nix/store/l07gdbxylzfl8pbx9pxy6fyg95w4hjwy-nodejs-24.19.0/bin:/nix/store/pn3yxi56kj33zvw3scqkavvhp5mrlyq5-vicinae-0.23.2/bin:/home/outworld/.asdf/shims:/run/wrappers/bin:/home/outworld/.local/bin:/home/outworld/.nix-profile/bin:/nix/profile/bin:/home/outworld/.local/state/nix/profile/bin:/etc/profiles/per-user/outworld/bin:/nix/var/nix/profiles/default/bin:/run/current-system/sw/bin:/home/outworld/.krew/bin:/nix/store/54lapjili1w9yrdha21gb23vbmdivcy0-agterm-0.26.1/opt/agterm-linux/bin:/home/outworld/.krew/bin"
2026-09-20T19:35:55.221288Z  INFO herdr::logging: spawning pane terminal event="pane.spawn.start" subsystem="pane" outcome="started" pane_id=31 rows=40 cols=120 scrollback_limit_bytes=10000000
2026-09-20T19:35:55.221453Z ERROR herdr::pane: failed to spawn shell pane=31 err=Unable to spawn nu because:
No viable candidates found in PATH "/nix/store/l07gdbxylzfl8pbx9pxy6fyg95w4hjwy-nodejs-24.19.0/bin:/nix/store/pn3yxi56kj33zvw3scqkavvhp5mrlyq5-vicinae-0.23.2/bin:/home/outworld/.asdf/shims:/run/wrappers/bin:/home/outworld/.local/bin:/home/outworld/.nix-profile/bin:/nix/profile/bin:/home/outworld/.local/state/nix/profile/bin:/etc/profiles/per-user/outworld/bin:/nix/var/nix/profiles/default/bin:/run/current-system/sw/bin:/home/outworld/.krew/bin:/nix/store/54lapjili1w9yrdha21gb23vbmdivcy0-agterm-0.26.1/opt/agterm-linux/bin:/home/outworld/.krew/bin"
2026-09-20T19:35:55.221463Z ERROR herdr::app: failed to create default workspace err=Unable to spawn nu because:
No viable candidates found in PATH "/nix/store/l07gdbxylzfl8pbx9pxy6fyg95w4hjwy-nodejs-24.19.0/bin:/nix/store/pn3yxi56kj33zvw3scqkavvhp5mrlyq5-vicinae-0.23.2/bin:/home/outworld/.asdf/shims:/run/wrappers/bin:/home/outworld/.local/bin:/home/outworld/.nix-profile/bin:/nix/profile/bin:/home/outworld/.local/state/nix/profile/bin:/etc/profiles/per-user/outworld/bin:/nix/var/nix/profiles/default/bin:/run/current-system/sw/bin:/home/outworld/.krew/bin:/nix/store/54lapjili1w9yrdha21gb23vbmdivcy0-agterm-0.26.1/opt/agterm-linux/bin:/home/outworld/.krew/bin"
2026-09-20T19:35:55.472386Z  INFO herdr::logging: spawning pane terminal event="pane.spawn.start" subsystem="pane" outcome="started" pane_id=32 rows=40 cols=120 scrollback_limit_bytes=10000000
2026-09-20T19:35:55.472583Z ERROR herdr::pane: failed to spawn shell pane=32 err=Unable to spawn nu because:
No viable candidates found in PATH "/nix/store/l07gdbxylzfl8pbx9pxy6fyg95w4hjwy-nodejs-24.19.0/bin:/nix/store/pn3yxi56kj33zvw3scqkavvhp5mrlyq5-vicinae-0.23.2/bin:/home/outworld/.asdf/shims:/run/wrappers/bin:/home/outworld/.local/bin:/home/outworld/.nix-profile/bin:/nix/profile/bin:/home/outworld/.local/state/nix/profile/bin:/etc/profiles/per-user/outworld/bin:/nix/var/nix/profiles/default/bin:/run/current-system/sw/bin:/home/outworld/.krew/bin:/nix/store/54lapjili1w9yrdha21gb23vbmdivcy0-agterm-0.26.1/opt/agterm-linux/bin:/home/outworld/.krew/bin"
2026-09-20T19:35:55.472597Z ERROR herdr::app: failed to create default workspace err=Unable to spawn nu because:
No viable candidates found in PATH "/nix/store/l07gdbxylzfl8pbx9pxy6fyg95w4hjwy-nodejs-24.19.0/bin:/nix/store/pn3yxi56kj33zvw3scqkavvhp5mrlyq5-vicinae-0.23.2/bin:/home/outworld/.asdf/shims:/run/wrappers/bin:/home/outworld/.local/bin:/home/outworld/.nix-profile/bin:/nix/profile/bin:/home/outworld/.local/state/nix/profile/bin:/etc/profiles/per-user/outworld/bin:/nix/var/nix/profiles/default/bin:/run/current-system/sw/bin:/home/outworld/.krew/bin:/nix/store/54lapjili1w9yrdha21gb23vbmdivcy0-agterm-0.26.1/opt/agterm-linux/bin:/home/outworld/.krew/bin"
2026-09-20T19:35:55.723033Z  INFO herdr::logging: spawning pane terminal event="pane.spawn.start" subsystem="pane" outcome="started" pane_id=33 rows=40 cols=120 scrollback_limit_bytes=10000000
2026-09-20T19:35:55.723213Z ERROR herdr::pane: failed to spawn shell pane=33 err=Unable to spawn nu because:
No viable candidates found in PATH "/nix/store/l07gdbxylzfl8pbx9pxy6fyg95w4hjwy-nodejs-24.19.0/bin:/nix/store/pn3yxi56kj33zvw3scqkavvhp5mrlyq5-vicinae-0.23.2/bin:/home/outworld/.asdf/shims:/run/wrappers/bin:/home/outworld/.local/bin:/home/outworld/.nix-profile/bin:/nix/profile/bin:/home/outworld/.local/state/nix/profile/bin:/etc/profiles/per-user/outworld/bin:/nix/var/nix/profiles/default/bin:/run/current-system/sw/bin:/home/outworld/.krew/bin:/nix/store/54lapjili1w9yrdha21gb23vbmdivcy0-agterm-0.26.1/opt/agterm-linux/bin:/home/outworld/.krew/bin"
2026-09-20T19:35:55.723222Z ERROR herdr::app: failed to create default workspace err=Unable to spawn nu because:
No viable candidates found in PATH "/nix/store/l07gdbxylzfl8pbx9pxy6fyg95w4hjwy-nodejs-24.19.0/bin:/nix/store/pn3yxi56kj33zvw3scqkavvhp5mrlyq5-vicinae-0.23.2/bin:/home/outworld/.asdf/shims:/run/wrappers/bin:/home/outworld/.local/bin:/home/outworld/.nix-profile/bin:/nix/profile/bin:/home/outworld/.local/state/nix/profile/bin:/etc/profiles/per-user/outworld/bin:/nix/var/nix/profiles/default/bin:/run/current-system/sw/bin:/home/outworld/.krew/bin:/nix/store/54lapjili1w9yrdha21gb23vbmdivcy0-agterm-0.26.1/opt/agterm-linux/bin:/home/outworld/.krew/bin"
2026-09-20T19:35:55.974402Z  INFO herdr::logging: spawning pane terminal event="pane.spawn.start" subsystem="pane" outcome="started" pane_id=34 rows=40 cols=120 scrollback_limit_bytes=10000000
2026-09-20T19:35:55.974536Z ERROR herdr::pane: failed to spawn shell pane=34 err=Unable to spawn nu because:
No viable candidates found in PATH "/nix/store/l07gdbxylzfl8pbx9pxy6fyg95w4hjwy-nodejs-24.19.0/bin:/nix/store/pn3yxi56kj33zvw3scqkavvhp5mrlyq5-vicinae-0.23.2/bin:/home/outworld/.asdf/shims:/run/wrappers/bin:/home/outworld/.local/bin:/home/outworld/.nix-profile/bin:/nix/profile/bin:/home/outworld/.local/state/nix/profile/bin:/etc/profiles/per-user/outworld/bin:/nix/var/nix/profiles/default/bin:/run/current-system/sw/bin:/home/outworld/.krew/bin:/nix/store/54lapjili1w9yrdha21gb23vbmdivcy0-agterm-0.26.1/opt/agterm-linux/bin:/home/outworld/.krew/bin"
2026-09-20T19:35:55.974543Z ERROR herdr::app: failed to create default workspace err=Unable to spawn nu because:
No viable candidates found in PATH "/nix/store/l07gdbxylzfl8pbx9pxy6fyg95w4hjwy-nodejs-24.19.0/bin:/nix/store/pn3yxi56kj33zvw3scqkavvhp5mrlyq5-vicinae-0.23.2/bin:/home/outworld/.asdf/shims:/run/wrappers/bin:/home/outworld/.local/bin:/home/outworld/.nix-profile/bin:/nix/profile/bin:/home/outworld/.local/state/nix/profile/bin:/etc/profiles/per-user/outworld/bin:/nix/var/nix/profiles/default/bin:/run/current-system/sw/bin:/home/outworld/.krew/bin:/nix/store/54lapjili1w9yrdha21gb23vbmdivcy0-agterm-0.26.1/opt/agterm-linux/bin:/home/outworld/.krew/bin"
2026-09-20T19:35:56.225866Z  INFO herdr::logging: spawning pane terminal event="pane.spawn.start" subsystem="pane" outcome="started" pane_id=35 rows=40 cols=120 scrollback_limit_bytes=10000000
2026-09-20T19:35:56.225997Z ERROR herdr::pane: failed to spawn shell pane=35 err=Unable to spawn nu because:
No viable candidates found in PATH "/nix/store/l07gdbxylzfl8pbx9pxy6fyg95w4hjwy-nodejs-24.19.0/bin:/nix/store/pn3yxi56kj33zvw3scqkavvhp5mrlyq5-vicinae-0.23.2/bin:/home/outworld/.asdf/shims:/run/wrappers/bin:/home/outworld/.local/bin:/home/outworld/.nix-profile/bin:/nix/profile/bin:/home/outworld/.local/state/nix/profile/bin:/etc/profiles/per-user/outworld/bin:/nix/var/nix/profiles/default/bin:/run/current-system/sw/bin:/home/outworld/.krew/bin:/nix/store/54lapjili1w9yrdha21gb23vbmdivcy0-agterm-0.26.1/opt/agterm-linux/bin:/home/outworld/.krew/bin"
2026-09-20T19:35:56.226004Z ERROR herdr::app: failed to create default workspace err=Unable to spawn nu because:
No viable candidates found in PATH "/nix/store/l07gdbxylzfl8pbx9pxy6fyg95w4hjwy-nodejs-24.19.0/bin:/nix/store/pn3yxi56kj33zvw3scqkavvhp5mrlyq5-vicinae-0.23.2/bin:/home/outworld/.asdf/shims:/run/wrappers/bin:/home/outworld/.local/bin:/home/outworld/.nix-profile/bin:/nix/profile/bin:/home/outworld/.local/state/nix/profile/bin:/etc/profiles/per-user/outworld/bin:/nix/var/nix/profiles/default/bin:/run/current-system/sw/bin:/home/outworld/.krew/bin:/nix/store/54lapjili1w9yrdha21gb23vbmdivcy0-agterm-0.26.1/opt/agterm-linux/bin:/home/outworld/.krew/bin"
2026-09-20T19:35:56.477334Z  INFO herdr::logging: spawning pane terminal event="pane.spawn.start" subsystem="pane" outcome="started" pane_id=36 rows=40 cols=120 scrollback_limit_bytes=10000000
2026-09-20T19:35:56.477477Z ERROR herdr::pane: failed to spawn shell pane=36 err=Unable to spawn nu because:
No viable candidates found in PATH "/nix/store/l07gdbxylzfl8pbx9pxy6fyg95w4hjwy-nodejs-24.19.0/bin:/nix/store/pn3yxi56kj33zvw3scqkavvhp5mrlyq5-vicinae-0.23.2/bin:/home/outworld/.asdf/shims:/run/wrappers/bin:/home/outworld/.local/bin:/home/outworld/.nix-profile/bin:/nix/profile/bin:/home/outworld/.local/state/nix/profile/bin:/etc/profiles/per-user/outworld/bin:/nix/var/nix/profiles/default/bin:/run/current-system/sw/bin:/home/outworld/.krew/bin:/nix/store/54lapjili1w9yrdha21gb23vbmdivcy0-agterm-0.26.1/opt/agterm-linux/bin:/home/outworld/.krew/bin"
2026-09-20T19:35:56.477485Z ERROR herdr::app: failed to create default workspace err=Unable to spawn nu because:
No viable candidates found in PATH "/nix/store/l07gdbxylzfl8pbx9pxy6fyg95w4hjwy-nodejs-24.19.0/bin:/nix/store/pn3yxi56kj33zvw3scqkavvhp5mrlyq5-vicinae-0.23.2/bin:/home/outworld/.asdf/shims:/run/wrappers/bin:/home/outworld/.local/bin:/home/outworld/.nix-profile/bin:/nix/profile/bin:/home/outworld/.local/state/nix/profile/bin:/etc/profiles/per-user/outworld/bin:/nix/var/nix/profiles/default/bin:/run/current-system/sw/bin:/home/outworld/.krew/bin:/nix/store/54lapjili1w9yrdha21gb23vbmdivcy0-agterm-0.26.1/opt/agterm-linux/bin:/home/outworld/.krew/bin"
2026-09-20T19:35:56.728806Z  INFO herdr::logging: spawning pane terminal event="pane.spawn.start" subsystem="pane" outcome="started" pane_id=37 rows=40 cols=120 scrollback_limit_bytes=10000000
2026-09-20T19:35:56.728937Z ERROR herdr::pane: failed to spawn shell pane=37 err=Unable to spawn nu because:
No viable candidates found in PATH "/nix/store/l07gdbxylzfl8pbx9pxy6fyg95w4hjwy-nodejs-24.19.0/bin:/nix/store/pn3yxi56kj33zvw3scqkavvhp5mrlyq5-vicinae-0.23.2/bin:/home/outworld/.asdf/shims:/run/wrappers/bin:/home/outworld/.local/bin:/home/outworld/.nix-profile/bin:/nix/profile/bin:/home/outworld/.local/state/nix/profile/bin:/etc/profiles/per-user/outworld/bin:/nix/var/nix/profiles/default/bin:/run/current-system/sw/bin:/home/outworld/.krew/bin:/nix/store/54lapjili1w9yrdha21gb23vbmdivcy0-agterm-0.26.1/opt/agterm-linux/bin:/home/outworld/.krew/bin"
2026-09-20T19:35:56.728945Z ERROR herdr::app: failed to create default workspace err=Unable to spawn nu because:
No viable candidates found in PATH "/nix/store/l07gdbxylzfl8pbx9pxy6fyg95w4hjwy-nodejs-24.19.0/bin:/nix/store/pn3yxi56kj33zvw3scqkavvhp5mrlyq5-vicinae-0.23.2/bin:/home/outworld/.asdf/shims:/run/wrappers/bin:/home/outworld/.local/bin:/home/outworld/.nix-profile/bin:/nix/profile/bin:/home/outworld/.local/state/nix/profile/bin:/etc/profiles/per-user/outworld/bin:/nix/var/nix/profiles/default/bin:/run/current-system/sw/bin:/home/outworld/.krew/bin:/nix/store/54lapjili1w9yrdha21gb23vbmdivcy0-agterm-0.26.1/opt/agterm-linux/bin:/home/outworld/.krew/bin"
2026-09-20T19:35:56.979290Z  INFO herdr::logging: spawning pane terminal event="pane.spawn.start" subsystem="pane" outcome="started" pane_id=38 rows=40 cols=120 scrollback_limit_bytes=10000000
2026-09-20T19:35:56.979444Z ERROR herdr::pane: failed to spawn shell pane=38 err=Unable to spawn nu because:
No viable candidates found in PATH "/nix/store/l07gdbxylzfl8pbx9pxy6fyg95w4hjwy-nodejs-24.19.0/bin:/nix/store/pn3yxi56kj33zvw3scqkavvhp5mrlyq5-vicinae-0.23.2/bin:/home/outworld/.asdf/shims:/run/wrappers/bin:/home/outworld/.local/bin:/home/outworld/.nix-profile/bin:/nix/profile/bin:/home/outworld/.local/state/nix/profile/bin:/etc/profiles/per-user/outworld/bin:/nix/var/nix/profiles/default/bin:/run/current-system/sw/bin:/home/outworld/.krew/bin:/nix/store/54lapjili1w9yrdha21gb23vbmdivcy0-agterm-0.26.1/opt/agterm-linux/bin:/home/outworld/.krew/bin"
2026-09-20T19:35:56.979453Z ERROR herdr::app: failed to create default workspace err=Unable to spawn nu because:
No viable candidates found in PATH "/nix/store/l07gdbxylzfl8pbx9pxy6fyg95w4hjwy-nodejs-24.19.0/bin:/nix/store/pn3yxi56kj33zvw3scqkavvhp5mrlyq5-vicinae-0.23.2/bin:/home/outworld/.asdf/shims:/run/wrappers/bin:/home/outworld/.local/bin:/home/outworld/.nix-profile/bin:/nix/profile/bin:/home/outworld/.local/state/nix/profile/bin:/etc/profiles/per-user/outworld/bin:/nix/var/nix/profiles/default/bin:/run/current-system/sw/bin:/home/outworld/.krew/bin:/nix/store/54lapjili1w9yrdha21gb23vbmdivcy0-agterm-0.26.1/opt/agterm-linux/bin:/home/outworld/.krew/bin"
2026-09-20T19:35:57.230779Z  INFO herdr::logging: spawning pane terminal event="pane.spawn.start" subsystem="pane" outcome="started" pane_id=39 rows=40 cols=120 scrollback_limit_bytes=10000000
2026-09-20T19:35:57.230906Z ERROR herdr::pane: failed to spawn shell pane=39 err=Unable to spawn nu because:
No viable candidates found in PATH "/nix/store/l07gdbxylzfl8pbx9pxy6fyg95w4hjwy-nodejs-24.19.0/bin:/nix/store/pn3yxi56kj33zvw3scqkavvhp5mrlyq5-vicinae-0.23.2/bin:/home/outworld/.asdf/shims:/run/wrappers/bin:/home/outworld/.local/bin:/home/outworld/.nix-profile/bin:/nix/profile/bin:/home/outworld/.local/state/nix/profile/bin:/etc/profiles/per-user/outworld/bin:/nix/var/nix/profiles/default/bin:/run/current-system/sw/bin:/home/outworld/.krew/bin:/nix/store/54lapjili1w9yrdha21gb23vbmdivcy0-agterm-0.26.1/opt/agterm-linux/bin:/home/outworld/.krew/bin"
2026-09-20T19:35:57.230912Z ERROR herdr::app: failed to create default workspace err=Unable to spawn nu because:
No viable candidates found in PATH "/nix/store/l07gdbxylzfl8pbx9pxy6fyg95w4hjwy-nodejs-24.19.0/bin:/nix/store/pn3yxi56kj33zvw3scqkavvhp5mrlyq5-vicinae-0.23.2/bin:/home/outworld/.asdf/shims:/run/wrappers/bin:/home/outworld/.local/bin:/home/outworld/.nix-profile/bin:/nix/profile/bin:/home/outworld/.local/state/nix/profile/bin:/etc/profiles/per-user/outworld/bin:/nix/var/nix/profiles/default/bin:/run/current-system/sw/bin:/home/outworld/.krew/bin:/nix/store/54lapjili1w9yrdha21gb23vbmdivcy0-agterm-0.26.1/opt/agterm-linux/bin:/home/outworld/.krew/bin"
2026-09-20T19:35:57.481233Z  INFO herdr::logging: spawning pane terminal event="pane.spawn.start" subsystem="pane" outcome="started" pane_id=40 rows=40 cols=120 scrollback_limit_bytes=10000000
2026-09-20T19:35:57.481360Z ERROR herdr::pane: failed to spawn shell pane=40 err=Unable to spawn nu because:
No viable candidates found in PATH "/nix/store/l07gdbxylzfl8pbx9pxy6fyg95w4hjwy-nodejs-24.19.0/bin:/nix/store/pn3yxi56kj33zvw3scqkavvhp5mrlyq5-vicinae-0.23.2/bin:/home/outworld/.asdf/shims:/run/wrappers/bin:/home/outworld/.local/bin:/home/outworld/.nix-profile/bin:/nix/profile/bin:/home/outworld/.local/state/nix/profile/bin:/etc/profiles/per-user/outworld/bin:/nix/var/nix/profiles/default/bin:/run/current-system/sw/bin:/home/outworld/.krew/bin:/nix/store/54lapjili1w9yrdha21gb23vbmdivcy0-agterm-0.26.1/opt/agterm-linux/bin:/home/outworld/.krew/bin"
2026-09-20T19:35:57.481370Z ERROR herdr::app: failed to create default workspace err=Unable to spawn nu because:
No viable candidates found in PATH "/nix/store/l07gdbxylzfl8pbx9pxy6fyg95w4hjwy-nodejs-24.19.0/bin:/nix/store/pn3yxi56kj33zvw3scqkavvhp5mrlyq5-vicinae-0.23.2/bin:/home/outworld/.asdf/shims:/run/wrappers/bin:/home/outworld/.local/bin:/home/outworld/.nix-profile/bin:/nix/profile/bin:/home/outworld/.local/state/nix/profile/bin:/etc/profiles/per-user/outworld/bin:/nix/var/nix/profiles/default/bin:/run/current-system/sw/bin:/home/outworld/.krew/bin:/nix/store/54lapjili1w9yrdha21gb23vbmdivcy0-agterm-0.26.1/opt/agterm-linux/bin:/home/outworld/.krew/bin"
2026-09-20T19:35:57.732712Z  INFO herdr::logging: spawning pane terminal event="pane.spawn.start" subsystem="pane" outcome="started" pane_id=41 rows=40 cols=120 scrollback_limit_bytes=10000000
2026-09-20T19:35:57.732839Z ERROR herdr::pane: failed to spawn shell pane=41 err=Unable to spawn nu because:
No viable candidates found in PATH "/nix/store/l07gdbxylzfl8pbx9pxy6fyg95w4hjwy-nodejs-24.19.0/bin:/nix/store/pn3yxi56kj33zvw3scqkavvhp5mrlyq5-vicinae-0.23.2/bin:/home/outworld/.asdf/shims:/run/wrappers/bin:/home/outworld/.local/bin:/home/outworld/.nix-profile/bin:/nix/profile/bin:/home/outworld/.local/state/nix/profile/bin:/etc/profiles/per-user/outworld/bin:/nix/var/nix/profiles/default/bin:/run/current-system/sw/bin:/home/outworld/.krew/bin:/nix/store/54lapjili1w9yrdha21gb23vbmdivcy0-agterm-0.26.1/opt/agterm-linux/bin:/home/outworld/.krew/bin"
2026-09-20T19:35:57.732847Z ERROR herdr::app: failed to create default workspace err=Unable to spawn nu because:
No viable candidates found in PATH "/nix/store/l07gdbxylzfl8pbx9pxy6fyg95w4hjwy-nodejs-24.19.0/bin:/nix/store/pn3yxi56kj33zvw3scqkavvhp5mrlyq5-vicinae-0.23.2/bin:/home/outworld/.asdf/shims:/run/wrappers/bin:/home/outworld/.local/bin:/home/outworld/.nix-profile/bin:/nix/profile/bin:/home/outworld/.local/state/nix/profile/bin:/etc/profiles/per-user/outworld/bin:/nix/var/nix/profiles/default/bin:/run/current-system/sw/bin:/home/outworld/.krew/bin:/nix/store/54lapjili1w9yrdha21gb23vbmdivcy0-agterm-0.26.1/opt/agterm-linux/bin:/home/outworld/.krew/bin"
2026-09-20T19:35:57.983184Z  INFO herdr::logging: spawning pane terminal event="pane.spawn.start" subsystem="pane" outcome="started" pane_id=42 rows=40 cols=120 scrollback_limit_bytes=10000000
2026-09-20T19:35:57.983307Z ERROR herdr::pane: failed to spawn shell pane=42 err=Unable to spawn nu because:
No viable candidates found in PATH "/nix/store/l07gdbxylzfl8pbx9pxy6fyg95w4hjwy-nodejs-24.19.0/bin:/nix/store/pn3yxi56kj33zvw3scqkavvhp5mrlyq5-vicinae-0.23.2/bin:/home/outworld/.asdf/shims:/run/wrappers/bin:/home/outworld/.local/bin:/home/outworld/.nix-profile/bin:/nix/profile/bin:/home/outworld/.local/state/nix/profile/bin:/etc/profiles/per-user/outworld/bin:/nix/var/nix/profiles/default/bin:/run/current-system/sw/bin:/home/outworld/.krew/bin:/nix/store/54lapjili1w9yrdha21gb23vbmdivcy0-agterm-0.26.1/opt/agterm-linux/bin:/home/outworld/.krew/bin"
2026-09-20T19:35:57.983313Z ERROR herdr::app: failed to create default workspace err=Unable to spawn nu because:
No viable candidates found in PATH "/nix/store/l07gdbxylzfl8pbx9pxy6fyg95w4hjwy-nodejs-24.19.0/bin:/nix/store/pn3yxi56kj33zvw3scqkavvhp5mrlyq5-vicinae-0.23.2/bin:/home/outworld/.asdf/shims:/run/wrappers/bin:/home/outworld/.local/bin:/home/outworld/.nix-profile/bin:/nix/profile/bin:/home/outworld/.local/state/nix/profile/bin:/etc/profiles/per-user/outworld/bin:/nix/var/nix/profiles/default/bin:/run/current-system/sw/bin:/home/outworld/.krew/bin:/nix/store/54lapjili1w9yrdha21gb23vbmdivcy0-agterm-0.26.1/opt/agterm-linux/bin:/home/outworld/.krew/bin"
2026-09-20T19:35:58.234653Z  INFO herdr::logging: spawning pane terminal event="pane.spawn.start" subsystem="pane" outcome="started" pane_id=43 rows=40 cols=120 scrollback_limit_bytes=10000000
2026-09-20T19:35:58.234776Z ERROR herdr::pane: failed to spawn shell pane=43 err=Unable to spawn nu because:
No viable candidates found in PATH "/nix/store/l07gdbxylzfl8pbx9pxy6fyg95w4hjwy-nodejs-24.19.0/bin:/nix/store/pn3yxi56kj33zvw3scqkavvhp5mrlyq5-vicinae-0.23.2/bin:/home/outworld/.asdf/shims:/run/wrappers/bin:/home/outworld/.local/bin:/home/outworld/.nix-profile/bin:/nix/profile/bin:/home/outworld/.local/state/nix/profile/bin:/etc/profiles/per-user/outworld/bin:/nix/var/nix/profiles/default/bin:/run/current-system/sw/bin:/home/outworld/.krew/bin:/nix/store/54lapjili1w9yrdha21gb23vbmdivcy0-agterm-0.26.1/opt/agterm-linux/bin:/home/outworld/.krew/bin"
2026-09-20T19:35:58.234786Z ERROR herdr::app: failed to create default workspace err=Unable to spawn nu because:
No viable candidates found in PATH "/nix/store/l07gdbxylzfl8pbx9pxy6fyg95w4hjwy-nodejs-24.19.0/bin:/nix/store/pn3yxi56kj33zvw3scqkavvhp5mrlyq5-vicinae-0.23.2/bin:/home/outworld/.asdf/shims:/run/wrappers/bin:/home/outworld/.local/bin:/home/outworld/.nix-profile/bin:/nix/profile/bin:/home/outworld/.local/state/nix/profile/bin:/etc/profiles/per-user/outworld/bin:/nix/var/nix/profiles/default/bin:/run/current-system/sw/bin:/home/outworld/.krew/bin:/nix/store/54lapjili1w9yrdha21gb23vbmdivcy0-agterm-0.26.1/opt/agterm-linux/bin:/home/outworld/.krew/bin"
2026-09-20T19:35:58.485142Z  INFO herdr::logging: spawning pane terminal event="pane.spawn.start" subsystem="pane" outcome="started" pane_id=44 rows=40 cols=120 scrollback_limit_bytes=10000000
2026-09-20T19:35:58.485279Z ERROR herdr::pane: failed to spawn shell pane=44 err=Unable to spawn nu because:
No viable candidates found in PATH "/nix/store/l07gdbxylzfl8pbx9pxy6fyg95w4hjwy-nodejs-24.19.0/bin:/nix/store/pn3yxi56kj33zvw3scqkavvhp5mrlyq5-vicinae-0.23.2/bin:/home/outworld/.asdf/shims:/run/wrappers/bin:/home/outworld/.local/bin:/home/outworld/.nix-profile/bin:/nix/profile/bin:/home/outworld/.local/state/nix/profile/bin:/etc/profiles/per-user/outworld/bin:/nix/var/nix/profiles/default/bin:/run/current-system/sw/bin:/home/outworld/.krew/bin:/nix/store/54lapjili1w9yrdha21gb23vbmdivcy0-agterm-0.26.1/opt/agterm-linux/bin:/home/outworld/.krew/bin"
2026-09-20T19:35:58.485291Z ERROR herdr::app: failed to create default workspace err=Unable to spawn nu because:
No viable candidates found in PATH "/nix/store/l07gdbxylzfl8pbx9pxy6fyg95w4hjwy-nodejs-24.19.0/bin:/nix/store/pn3yxi56kj33zvw3scqkavvhp5mrlyq5-vicinae-0.23.2/bin:/home/outworld/.asdf/shims:/run/wrappers/bin:/home/outworld/.local/bin:/home/outworld/.nix-profile/bin:/nix/profile/bin:/home/outworld/.local/state/nix/profile/bin:/etc/profiles/per-user/outworld/bin:/nix/var/nix/profiles/default/bin:/run/current-system/sw/bin:/home/outworld/.krew/bin:/nix/store/54lapjili1w9yrdha21gb23vbmdivcy0-agterm-0.26.1/opt/agterm-linux/bin:/home/outworld/.krew/bin"
2026-09-20T19:35:58.736653Z  INFO herdr::logging: spawning pane terminal event="pane.spawn.start" subsystem="pane" outcome="started" pane_id=45 rows=40 cols=120 scrollback_limit_bytes=10000000
2026-09-20T19:35:58.736774Z ERROR herdr::pane: failed to spawn shell pane=45 err=Unable to spawn nu because:
No viable candidates found in PATH "/nix/store/l07gdbxylzfl8pbx9pxy6fyg95w4hjwy-nodejs-24.19.0/bin:/nix/store/pn3yxi56kj33zvw3scqkavvhp5mrlyq5-vicinae-0.23.2/bin:/home/outworld/.asdf/shims:/run/wrappers/bin:/home/outworld/.local/bin:/home/outworld/.nix-profile/bin:/nix/profile/bin:/home/outworld/.local/state/nix/profile/bin:/etc/profiles/per-user/outworld/bin:/nix/var/nix/profiles/default/bin:/run/current-system/sw/bin:/home/outworld/.krew/bin:/nix/store/54lapjili1w9yrdha21gb23vbmdivcy0-agterm-0.26.1/opt/agterm-linux/bin:/home/outworld/.krew/bin"
2026-09-20T19:35:58.736782Z ERROR herdr::app: failed to create default workspace err=Unable to spawn nu because:
No viable candidates found in PATH "/nix/store/l07gdbxylzfl8pbx9pxy6fyg95w4hjwy-nodejs-24.19.0/bin:/nix/store/pn3yxi56kj33zvw3scqkavvhp5mrlyq5-vicinae-0.23.2/bin:/home/outworld/.asdf/shims:/run/wrappers/bin:/home/outworld/.local/bin:/home/outworld/.nix-profile/bin:/nix/profile/bin:/home/outworld/.local/state/nix/profile/bin:/etc/profiles/per-user/outworld/bin:/nix/var/nix/profiles/default/bin:/run/current-system/sw/bin:/home/outworld/.krew/bin:/nix/store/54lapjili1w9yrdha21gb23vbmdivcy0-agterm-0.26.1/opt/agterm-linux/bin:/home/outworld/.krew/bin"
2026-09-20T19:35:58.987158Z  INFO herdr::logging: spawning pane terminal event="pane.spawn.start" subsystem="pane" outcome="started" pane_id=46 rows=40 cols=120 scrollback_limit_bytes=10000000
2026-09-20T19:35:58.987296Z ERROR herdr::pane: failed to spawn shell pane=46 err=Unable to spawn nu because:
No viable candidates found in PATH "/nix/store/l07gdbxylzfl8pbx9pxy6fyg95w4hjwy-nodejs-24.19.0/bin:/nix/store/pn3yxi56kj33zvw3scqkavvhp5mrlyq5-vicinae-0.23.2/bin:/home/outworld/.asdf/shims:/run/wrappers/bin:/home/outworld/.local/bin:/home/outworld/.nix-profile/bin:/nix/profile/bin:/home/outworld/.local/state/nix/profile/bin:/etc/profiles/per-user/outworld/bin:/nix/var/nix/profiles/default/bin:/run/current-system/sw/bin:/home/outworld/.krew/bin:/nix/store/54lapjili1w9yrdha21gb23vbmdivcy0-agterm-0.26.1/opt/agterm-linux/bin:/home/outworld/.krew/bin"
2026-09-20T19:35:58.987304Z ERROR herdr::app: failed to create default workspace err=Unable to spawn nu because:
No viable candidates found in PATH "/nix/store/l07gdbxylzfl8pbx9pxy6fyg95w4hjwy-nodejs-24.19.0/bin:/nix/store/pn3yxi56kj33zvw3scqkavvhp5mrlyq5-vicinae-0.23.2/bin:/home/outworld/.asdf/shims:/run/wrappers/bin:/home/outworld/.local/bin:/home/outworld/.nix-profile/bin:/nix/profile/bin:/home/outworld/.local/state/nix/profile/bin:/etc/profiles/per-user/outworld/bin:/nix/var/nix/profiles/default/bin:/run/current-system/sw/bin:/home/outworld/.krew/bin:/nix/store/54lapjili1w9yrdha21gb23vbmdivcy0-agterm-0.26.1/opt/agterm-linux/bin:/home/outworld/.krew/bin"
2026-09-20T19:35:59.238663Z  INFO herdr::logging: spawning pane terminal event="pane.spawn.start" subsystem="pane" outcome="started" pane_id=47 rows=40 cols=120 scrollback_limit_bytes=10000000
2026-09-20T19:35:59.238782Z ERROR herdr::pane: failed to spawn shell pane=47 err=Unable to spawn nu because:
No viable candidates found in PATH "/nix/store/l07gdbxylzfl8pbx9pxy6fyg95w4hjwy-nodejs-24.19.0/bin:/nix/store/pn3yxi56kj33zvw3scqkavvhp5mrlyq5-vicinae-0.23.2/bin:/home/outworld/.asdf/shims:/run/wrappers/bin:/home/outworld/.local/bin:/home/outworld/.nix-profile/bin:/nix/profile/bin:/home/outworld/.local/state/nix/profile/bin:/etc/profiles/per-user/outworld/bin:/nix/var/nix/profiles/default/bin:/run/current-system/sw/bin:/home/outworld/.krew/bin:/nix/store/54lapjili1w9yrdha21gb23vbmdivcy0-agterm-0.26.1/opt/agterm-linux/bin:/home/outworld/.krew/bin"
2026-09-20T19:35:59.238789Z ERROR herdr::app: failed to create default workspace err=Unable to spawn nu because:
No viable candidates found in PATH "/nix/store/l07gdbxylzfl8pbx9pxy6fyg95w4hjwy-nodejs-24.19.0/bin:/nix/store/pn3yxi56kj33zvw3scqkavvhp5mrlyq5-vicinae-0.23.2/bin:/home/outworld/.asdf/shims:/run/wrappers/bin:/home/outworld/.local/bin:/home/outworld/.nix-profile/bin:/nix/profile/bin:/home/outworld/.local/state/nix/profile/bin:/etc/profiles/per-user/outworld/bin:/nix/var/nix/profiles/default/bin:/run/current-system/sw/bin:/home/outworld/.krew/bin:/nix/store/54lapjili1w9yrdha21gb23vbmdivcy0-agterm-0.26.1/opt/agterm-linux/bin:/home/outworld/.krew/bin"
2026-09-20T19:35:59.489100Z  INFO herdr::logging: spawning pane terminal event="pane.spawn.start" subsystem="pane" outcome="started" pane_id=48 rows=40 cols=120 scrollback_limit_bytes=10000000
2026-09-20T19:35:59.489210Z ERROR herdr::pane: failed to spawn shell pane=48 err=Unable to spawn nu because:
No viable candidates found in PATH "/nix/store/l07gdbxylzfl8pbx9pxy6fyg95w4hjwy-nodejs-24.19.0/bin:/nix/store/pn3yxi56kj33zvw3scqkavvhp5mrlyq5-vicinae-0.23.2/bin:/home/outworld/.asdf/shims:/run/wrappers/bin:/home/outworld/.local/bin:/home/outworld/.nix-profile/bin:/nix/profile/bin:/home/outworld/.local/state/nix/profile/bin:/etc/profiles/per-user/outworld/bin:/nix/var/nix/profiles/default/bin:/run/current-system/sw/bin:/home/outworld/.krew/bin:/nix/store/54lapjili1w9yrdha21gb23vbmdivcy0-agterm-0.26.1/opt/agterm-linux/bin:/home/outworld/.krew/bin"
2026-09-20T19:35:59.489218Z ERROR herdr::app: failed to create default workspace err=Unable to spawn nu because:
No viable candidates found in PATH "/nix/store/l07gdbxylzfl8pbx9pxy6fyg95w4hjwy-nodejs-24.19.0/bin:/nix/store/pn3yxi56kj33zvw3scqkavvhp5mrlyq5-vicinae-0.23.2/bin:/home/outworld/.asdf/shims:/run/wrappers/bin:/home/outworld/.local/bin:/home/outworld/.nix-profile/bin:/nix/profile/bin:/home/outworld/.local/state/nix/profile/bin:/etc/profiles/per-user/outworld/bin:/nix/var/nix/profiles/default/bin:/run/current-system/sw/bin:/home/outworld/.krew/bin:/nix/store/54lapjili1w9yrdha21gb23vbmdivcy0-agterm-0.26.1/opt/agterm-linux/bin:/home/outworld/.krew/bin"
2026-09-20T19:35:59.740396Z  INFO herdr::logging: spawning pane terminal event="pane.spawn.start" subsystem="pane" outcome="started" pane_id=49 rows=40 cols=120 scrollback_limit_bytes=10000000
2026-09-20T19:35:59.740509Z ERROR herdr::pane: failed to spawn shell pane=49 err=Unable to spawn nu because:
No viable candidates found in PATH "/nix/store/l07gdbxylzfl8pbx9pxy6fyg95w4hjwy-nodejs-24.19.0/bin:/nix/store/pn3yxi56kj33zvw3scqkavvhp5mrlyq5-vicinae-0.23.2/bin:/home/outworld/.asdf/shims:/run/wrappers/bin:/home/outworld/.local/bin:/home/outworld/.nix-profile/bin:/nix/profile/bin:/home/outworld/.local/state/nix/profile/bin:/etc/profiles/per-user/outworld/bin:/nix/var/nix/profiles/default/bin:/run/current-system/sw/bin:/home/outworld/.krew/bin:/nix/store/54lapjili1w9yrdha21gb23vbmdivcy0-agterm-0.26.1/opt/agterm-linux/bin:/home/outworld/.krew/bin"
2026-09-20T19:35:59.740517Z ERROR herdr::app: failed to create default workspace err=Unable to spawn nu because:
No viable candidates found in PATH "/nix/store/l07gdbxylzfl8pbx9pxy6fyg95w4hjwy-nodejs-24.19.0/bin:/nix/store/pn3yxi56kj33zvw3scqkavvhp5mrlyq5-vicinae-0.23.2/bin:/home/outworld/.asdf/shims:/run/wrappers/bin:/home/outworld/.local/bin:/home/outworld/.nix-profile/bin:/nix/profile/bin:/home/outworld/.local/state/nix/profile/bin:/etc/profiles/per-user/outworld/bin:/nix/var/nix/profiles/default/bin:/run/current-system/sw/bin:/home/outworld/.krew/bin:/nix/store/54lapjili1w9yrdha21gb23vbmdivcy0-agterm-0.26.1/opt/agterm-linux/bin:/home/outworld/.krew/bin"
2026-09-20T19:35:59.991828Z  INFO herdr::logging: spawning pane terminal event="pane.spawn.start" subsystem="pane" outcome="started" pane_id=50 rows=40 cols=120 scrollback_limit_bytes=10000000
2026-09-20T19:35:59.991936Z ERROR herdr::pane: failed to spawn shell pane=50 err=Unable to spawn nu because:
No viable candidates found in PATH "/nix/store/l07gdbxylzfl8pbx9pxy6fyg95w4hjwy-nodejs-24.19.0/bin:/nix/store/pn3yxi56kj33zvw3scqkavvhp5mrlyq5-vicinae-0.23.2/bin:/home/outworld/.asdf/shims:/run/wrappers/bin:/home/outworld/.local/bin:/home/outworld/.nix-profile/bin:/nix/profile/bin:/home/outworld/.local/state/nix/profile/bin:/etc/profiles/per-user/outworld/bin:/nix/var/nix/profiles/default/bin:/run/current-system/sw/bin:/home/outworld/.krew/bin:/nix/store/54lapjili1w9yrdha21gb23vbmdivcy0-agterm-0.26.1/opt/agterm-linux/bin:/home/outworld/.krew/bin"
2026-09-20T19:35:59.991943Z ERROR herdr::app: failed to create default workspace err=Unable to spawn nu because:
No viable candidates found in PATH "/nix/store/l07gdbxylzfl8pbx9pxy6fyg95w4hjwy-nodejs-24.19.0/bin:/nix/store/pn3yxi56kj33zvw3scqkavvhp5mrlyq5-vicinae-0.23.2/bin:/home/outworld/.asdf/shims:/run/wrappers/bin:/home/outworld/.local/bin:/home/outworld/.nix-profile/bin:/nix/profile/bin:/home/outworld/.local/state/nix/profile/bin:/etc/profiles/per-user/outworld/bin:/nix/var/nix/profiles/default/bin:/run/current-system/sw/bin:/home/outworld/.krew/bin:/nix/store/54lapjili1w9yrdha21gb23vbmdivcy0-agterm-0.26.1/opt/agterm-linux/bin:/home/outworld/.krew/bin"
2026-09-20T19:36:00.243255Z  INFO herdr::logging: spawning pane terminal event="pane.spawn.start" subsystem="pane" outcome="started" pane_id=51 rows=40 cols=120 scrollback_limit_bytes=10000000
2026-09-20T19:36:00.243370Z ERROR herdr::pane: failed to spawn shell pane=51 err=Unable to spawn nu because:
No viable candidates found in PATH "/nix/store/l07gdbxylzfl8pbx9pxy6fyg95w4hjwy-nodejs-24.19.0/bin:/nix/store/pn3yxi56kj33zvw3scqkavvhp5mrlyq5-vicinae-0.23.2/bin:/home/outworld/.asdf/shims:/run/wrappers/bin:/home/outworld/.local/bin:/home/outworld/.nix-profile/bin:/nix/profile/bin:/home/outworld/.local/state/nix/profile/bin:/etc/profiles/per-user/outworld/bin:/nix/var/nix/profiles/default/bin:/run/current-system/sw/bin:/home/outworld/.krew/bin:/nix/store/54lapjili1w9yrdha21gb23vbmdivcy0-agterm-0.26.1/opt/agterm-linux/bin:/home/outworld/.krew/bin"
2026-09-20T19:36:00.243379Z ERROR herdr::app: failed to create default workspace err=Unable to spawn nu because:
No viable candidates found in PATH "/nix/store/l07gdbxylzfl8pbx9pxy6fyg95w4hjwy-nodejs-24.19.0/bin:/nix/store/pn3yxi56kj33zvw3scqkavvhp5mrlyq5-vicinae-0.23.2/bin:/home/outworld/.asdf/shims:/run/wrappers/bin:/home/outworld/.local/bin:/home/outworld/.nix-profile/bin:/nix/profile/bin:/home/outworld/.local/state/nix/profile/bin:/etc/profiles/per-user/outworld/bin:/nix/var/nix/profiles/default/bin:/run/current-system/sw/bin:/home/outworld/.krew/bin:/nix/store/54lapjili1w9yrdha21gb23vbmdivcy0-agterm-0.26.1/opt/agterm-linux/bin:/home/outworld/.krew/bin"
2026-09-20T19:36:00.494700Z  INFO herdr::logging: spawning pane terminal event="pane.spawn.start" subsystem="pane" outcome="started" pane_id=52 rows=40 cols=120 scrollback_limit_bytes=10000000
2026-09-20T19:36:00.494809Z ERROR herdr::pane: failed to spawn shell pane=52 err=Unable to spawn nu because:
No viable candidates found in PATH "/nix/store/l07gdbxylzfl8pbx9pxy6fyg95w4hjwy-nodejs-24.19.0/bin:/nix/store/pn3yxi56kj33zvw3scqkavvhp5mrlyq5-vicinae-0.23.2/bin:/home/outworld/.asdf/shims:/run/wrappers/bin:/home/outworld/.local/bin:/home/outworld/.nix-profile/bin:/nix/profile/bin:/home/outworld/.local/state/nix/profile/bin:/etc/profiles/per-user/outworld/bin:/nix/var/nix/profiles/default/bin:/run/current-system/sw/bin:/home/outworld/.krew/bin:/nix/store/54lapjili1w9yrdha21gb23vbmdivcy0-agterm-0.26.1/opt/agterm-linux/bin:/home/outworld/.krew/bin"
2026-09-20T19:36:00.494816Z ERROR herdr::app: failed to create default workspace err=Unable to spawn nu because:
No viable candidates found in PATH "/nix/store/l07gdbxylzfl8pbx9pxy6fyg95w4hjwy-nodejs-24.19.0/bin:/nix/store/pn3yxi56kj33zvw3scqkavvhp5mrlyq5-vicinae-0.23.2/bin:/home/outworld/.asdf/shims:/run/wrappers/bin:/home/outworld/.local/bin:/home/outworld/.nix-profile/bin:/nix/profile/bin:/home/outworld/.local/state/nix/profile/bin:/etc/profiles/per-user/outworld/bin:/nix/var/nix/profiles/default/bin:/run/current-system/sw/bin:/home/outworld/.krew/bin:/nix/store/54lapjili1w9yrdha21gb23vbmdivcy0-agterm-0.26.1/opt/agterm-linux/bin:/home/outworld/.krew/bin"
2026-09-20T19:36:00.744942Z  INFO herdr::logging: spawning pane terminal event="pane.spawn.start" subsystem="pane" outcome="started" pane_id=53 rows=40 cols=120 scrollback_limit_bytes=10000000
2026-09-20T19:36:00.745059Z ERROR herdr::pane: failed to spawn shell pane=53 err=Unable to spawn nu because:
No viable candidates found in PATH "/nix/store/l07gdbxylzfl8pbx9pxy6fyg95w4hjwy-nodejs-24.19.0/bin:/nix/store/pn3yxi56kj33zvw3scqkavvhp5mrlyq5-vicinae-0.23.2/bin:/home/outworld/.asdf/shims:/run/wrappers/bin:/home/outworld/.local/bin:/home/outworld/.nix-profile/bin:/nix/profile/bin:/home/outworld/.local/state/nix/profile/bin:/etc/profiles/per-user/outworld/bin:/nix/var/nix/profiles/default/bin:/run/current-system/sw/bin:/home/outworld/.krew/bin:/nix/store/54lapjili1w9yrdha21gb23vbmdivcy0-agterm-0.26.1/opt/agterm-linux/bin:/home/outworld/.krew/bin"
2026-09-20T19:36:00.745066Z ERROR herdr::app: failed to create default workspace err=Unable to spawn nu because:
No viable candidates found in PATH "/nix/store/l07gdbxylzfl8pbx9pxy6fyg95w4hjwy-nodejs-24.19.0/bin:/nix/store/pn3yxi56kj33zvw3scqkavvhp5mrlyq5-vicinae-0.23.2/bin:/home/outworld/.asdf/shims:/run/wrappers/bin:/home/outworld/.local/bin:/home/outworld/.nix-profile/bin:/nix/profile/bin:/home/outworld/.local/state/nix/profile/bin:/etc/profiles/per-user/outworld/bin:/nix/var/nix/profiles/default/bin:/run/current-system/sw/bin:/home/outworld/.krew/bin:/nix/store/54lapjili1w9yrdha21gb23vbmdivcy0-agterm-0.26.1/opt/agterm-linux/bin:/home/outworld/.krew/bin"
2026-09-20T19:36:00.996386Z  INFO herdr::logging: spawning pane terminal event="pane.spawn.start" subsystem="pane" outcome="started" pane_id=54 rows=40 cols=120 scrollback_limit_bytes=10000000
2026-09-20T19:36:00.996495Z ERROR herdr::pane: failed to spawn shell pane=54 err=Unable to spawn nu because:
No viable candidates found in PATH "/nix/store/l07gdbxylzfl8pbx9pxy6fyg95w4hjwy-nodejs-24.19.0/bin:/nix/store/pn3yxi56kj33zvw3scqkavvhp5mrlyq5-vicinae-0.23.2/bin:/home/outworld/.asdf/shims:/run/wrappers/bin:/home/outworld/.local/bin:/home/outworld/.nix-profile/bin:/nix/profile/bin:/home/outworld/.local/state/nix/profile/bin:/etc/profiles/per-user/outworld/bin:/nix/var/nix/profiles/default/bin:/run/current-system/sw/bin:/home/outworld/.krew/bin:/nix/store/54lapjili1w9yrdha21gb23vbmdivcy0-agterm-0.26.1/opt/agterm-linux/bin:/home/outworld/.krew/bin"
2026-09-20T19:36:00.996502Z ERROR herdr::app: failed to create default workspace err=Unable to spawn nu because:
No viable candidates found in PATH "/nix/store/l07gdbxylzfl8pbx9pxy6fyg95w4hjwy-nodejs-24.19.0/bin:/nix/store/pn3yxi56kj33zvw3scqkavvhp5mrlyq5-vicinae-0.23.2/bin:/home/outworld/.asdf/shims:/run/wrappers/bin:/home/outworld/.local/bin:/home/outworld/.nix-profile/bin:/nix/profile/bin:/home/outworld/.local/state/nix/profile/bin:/etc/profiles/per-user/outworld/bin:/nix/var/nix/profiles/default/bin:/run/current-system/sw/bin:/home/outworld/.krew/bin:/nix/store/54lapjili1w9yrdha21gb23vbmdivcy0-agterm-0.26.1/opt/agterm-linux/bin:/home/outworld/.krew/bin"
2026-09-20T19:36:01.023347Z  INFO herdr::logging: spawning pane terminal event="pane.spawn.start" subsystem="pane" outcome="started" pane_id=55 rows=40 cols=120 scrollback_limit_bytes=10000000
2026-09-20T19:36:01.023441Z ERROR herdr::pane: failed to spawn shell pane=55 err=Unable to spawn nu because:
No viable candidates found in PATH "/nix/store/l07gdbxylzfl8pbx9pxy6fyg95w4hjwy-nodejs-24.19.0/bin:/nix/store/pn3yxi56kj33zvw3scqkavvhp5mrlyq5-vicinae-0.23.2/bin:/home/outworld/.asdf/shims:/run/wrappers/bin:/home/outworld/.local/bin:/home/outworld/.nix-profile/bin:/nix/profile/bin:/home/outworld/.local/state/nix/profile/bin:/etc/profiles/per-user/outworld/bin:/nix/var/nix/profiles/default/bin:/run/current-system/sw/bin:/home/outworld/.krew/bin:/nix/store/54lapjili1w9yrdha21gb23vbmdivcy0-agterm-0.26.1/opt/agterm-linux/bin:/home/outworld/.krew/bin"
2026-09-20T19:36:01.023447Z ERROR herdr::app: failed to create default workspace err=Unable to spawn nu because:
No viable candidates found in PATH "/nix/store/l07gdbxylzfl8pbx9pxy6fyg95w4hjwy-nodejs-24.19.0/bin:/nix/store/pn3yxi56kj33zvw3scqkavvhp5mrlyq5-vicinae-0.23.2/bin:/home/outworld/.asdf/shims:/run/wrappers/bin:/home/outworld/.local/bin:/home/outworld/.nix-profile/bin:/nix/profile/bin:/home/outworld/.local/state/nix/profile/bin:/etc/profiles/per-user/outworld/bin:/nix/var/nix/profiles/default/bin:/run/current-system/sw/bin:/home/outworld/.krew/bin:/nix/store/54lapjili1w9yrdha21gb23vbmdivcy0-agterm-0.26.1/opt/agterm-linux/bin:/home/outworld/.krew/bin"
2026-09-20T19:36:01.024033Z  INFO herdr::logging: spawning pane terminal event="pane.spawn.start" subsystem="pane" outcome="started" pane_id=56 rows=40 cols=120 scrollback_limit_bytes=10000000
2026-09-20T19:36:01.024093Z ERROR herdr::pane: failed to spawn shell pane=56 err=Unable to spawn nu because:
No viable candidates found in PATH "/nix/store/l07gdbxylzfl8pbx9pxy6fyg95w4hjwy-nodejs-24.19.0/bin:/nix/store/pn3yxi56kj33zvw3scqkavvhp5mrlyq5-vicinae-0.23.2/bin:/home/outworld/.asdf/shims:/run/wrappers/bin:/home/outworld/.local/bin:/home/outworld/.nix-profile/bin:/nix/profile/bin:/home/outworld/.local/state/nix/profile/bin:/etc/profiles/per-user/outworld/bin:/nix/var/nix/profiles/default/bin:/run/current-system/sw/bin:/home/outworld/.krew/bin:/nix/store/54lapjili1w9yrdha21gb23vbmdivcy0-agterm-0.26.1/opt/agterm-linux/bin:/home/outworld/.krew/bin"
2026-09-20T19:36:01.024111Z ERROR herdr::app: failed to create default workspace err=Unable to spawn nu because:
No viable candidates found in PATH "/nix/store/l07gdbxylzfl8pbx9pxy6fyg95w4hjwy-nodejs-24.19.0/bin:/nix/store/pn3yxi56kj33zvw3scqkavvhp5mrlyq5-vicinae-0.23.2/bin:/home/outworld/.asdf/shims:/run/wrappers/bin:/home/outworld/.local/bin:/home/outworld/.nix-profile/bin:/nix/profile/bin:/home/outworld/.local/state/nix/profile/bin:/etc/profiles/per-user/outworld/bin:/nix/var/nix/profiles/default/bin:/run/current-system/sw/bin:/home/outworld/.krew/bin:/nix/store/54lapjili1w9yrdha21gb23vbmdivcy0-agterm-0.26.1/opt/agterm-linux/bin:/home/outworld/.krew/bin"
2026-09-20T19:36:01.275382Z  INFO herdr::logging: spawning pane terminal event="pane.spawn.start" subsystem="pane" outcome="started" pane_id=57 rows=40 cols=120 scrollback_limit_bytes=10000000
2026-09-20T19:36:01.275493Z ERROR herdr::pane: failed to spawn shell pane=57 err=Unable to spawn nu because:
No viable candidates found in PATH "/nix/store/l07gdbxylzfl8pbx9pxy6fyg95w4hjwy-nodejs-24.19.0/bin:/nix/store/pn3yxi56kj33zvw3scqkavvhp5mrlyq5-vicinae-0.23.2/bin:/home/outworld/.asdf/shims:/run/wrappers/bin:/home/outworld/.local/bin:/home/outworld/.nix-profile/bin:/nix/profile/bin:/home/outworld/.local/state/nix/profile/bin:/etc/profiles/per-user/outworld/bin:/nix/var/nix/profiles/default/bin:/run/current-system/sw/bin:/home/outworld/.krew/bin:/nix/store/54lapjili1w9yrdha21gb23vbmdivcy0-agterm-0.26.1/opt/agterm-linux/bin:/home/outworld/.krew/bin"
2026-09-20T19:36:01.275500Z ERROR herdr::app: failed to create default workspace err=Unable to spawn nu because:
No viable candidates found in PATH "/nix/store/l07gdbxylzfl8pbx9pxy6fyg95w4hjwy-nodejs-24.19.0/bin:/nix/store/pn3yxi56kj33zvw3scqkavvhp5mrlyq5-vicinae-0.23.2/bin:/home/outworld/.asdf/shims:/run/wrappers/bin:/home/outworld/.local/bin:/home/outworld/.nix-profile/bin:/nix/profile/bin:/home/outworld/.local/state/nix/profile/bin:/etc/profiles/per-user/outworld/bin:/nix/var/nix/profiles/default/bin:/run/current-system/sw/bin:/home/outworld/.krew/bin:/nix/store/54lapjili1w9yrdha21gb23vbmdivcy0-agterm-0.26.1/opt/agterm-linux/bin:/home/outworld/.krew/bin"
2026-09-20T19:36:01.526636Z  INFO herdr::logging: spawning pane terminal event="pane.spawn.start" subsystem="pane" outcome="started" pane_id=58 rows=40 cols=120 scrollback_limit_bytes=10000000
2026-09-20T19:36:01.526754Z ERROR herdr::pane: failed to spawn shell pane=58 err=Unable to spawn nu because:
No viable candidates found in PATH "/nix/store/l07gdbxylzfl8pbx9pxy6fyg95w4hjwy-nodejs-24.19.0/bin:/nix/store/pn3yxi56kj33zvw3scqkavvhp5mrlyq5-vicinae-0.23.2/bin:/home/outworld/.asdf/shims:/run/wrappers/bin:/home/outworld/.local/bin:/home/outworld/.nix-profile/bin:/nix/profile/bin:/home/outworld/.local/state/nix/profile/bin:/etc/profiles/per-user/outworld/bin:/nix/var/nix/profiles/default/bin:/run/current-system/sw/bin:/home/outworld/.krew/bin:/nix/store/54lapjili1w9yrdha21gb23vbmdivcy0-agterm-0.26.1/opt/agterm-linux/bin:/home/outworld/.krew/bin"
2026-09-20T19:36:01.526761Z ERROR herdr::app: failed to create default workspace err=Unable to spawn nu because:
No viable candidates found in PATH "/nix/store/l07gdbxylzfl8pbx9pxy6fyg95w4hjwy-nodejs-24.19.0/bin:/nix/store/pn3yxi56kj33zvw3scqkavvhp5mrlyq5-vicinae-0.23.2/bin:/home/outworld/.asdf/shims:/run/wrappers/bin:/home/outworld/.local/bin:/home/outworld/.nix-profile/bin:/nix/profile/bin:/home/outworld/.local/state/nix/profile/bin:/etc/profiles/per-user/outworld/bin:/nix/var/nix/profiles/default/bin:/run/current-system/sw/bin:/home/outworld/.krew/bin:/nix/store/54lapjili1w9yrdha21gb23vbmdivcy0-agterm-0.26.1/opt/agterm-linux/bin:/home/outworld/.krew/bin"
2026-09-20T19:36:01.777087Z  INFO herdr::logging: spawning pane terminal event="pane.spawn.start" subsystem="pane" outcome="started" pane_id=59 rows=40 cols=120 scrollback_limit_bytes=10000000
2026-09-20T19:36:01.777208Z ERROR herdr::pane: failed to spawn shell pane=59 err=Unable to spawn nu because:
No viable candidates found in PATH "/nix/store/l07gdbxylzfl8pbx9pxy6fyg95w4hjwy-nodejs-24.19.0/bin:/nix/store/pn3yxi56kj33zvw3scqkavvhp5mrlyq5-vicinae-0.23.2/bin:/home/outworld/.asdf/shims:/run/wrappers/bin:/home/outworld/.local/bin:/home/outworld/.nix-profile/bin:/nix/profile/bin:/home/outworld/.local/state/nix/profile/bin:/etc/profiles/per-user/outworld/bin:/nix/var/nix/profiles/default/bin:/run/current-system/sw/bin:/home/outworld/.krew/bin:/nix/store/54lapjili1w9yrdha21gb23vbmdivcy0-agterm-0.26.1/opt/agterm-linux/bin:/home/outworld/.krew/bin"
2026-09-20T19:36:01.777218Z ERROR herdr::app: failed to create default workspace err=Unable to spawn nu because:
No viable candidates found in PATH "/nix/store/l07gdbxylzfl8pbx9pxy6fyg95w4hjwy-nodejs-24.19.0/bin:/nix/store/pn3yxi56kj33zvw3scqkavvhp5mrlyq5-vicinae-0.23.2/bin:/home/outworld/.asdf/shims:/run/wrappers/bin:/home/outworld/.local/bin:/home/outworld/.nix-profile/bin:/nix/profile/bin:/home/outworld/.local/state/nix/profile/bin:/etc/profiles/per-user/outworld/bin:/nix/var/nix/profiles/default/bin:/run/current-system/sw/bin:/home/outworld/.krew/bin:/nix/store/54lapjili1w9yrdha21gb23vbmdivcy0-agterm-0.26.1/opt/agterm-linux/bin:/home/outworld/.krew/bin"
2026-09-20T19:36:01.829694Z  INFO herdr::logging: spawning pane terminal event="pane.spawn.start" subsystem="pane" outcome="started" pane_id=60 rows=40 cols=120 scrollback_limit_bytes=10000000
2026-09-20T19:36:01.829801Z ERROR herdr::pane: failed to spawn shell pane=60 err=Unable to spawn nu because:
No viable candidates found in PATH "/nix/store/l07gdbxylzfl8pbx9pxy6fyg95w4hjwy-nodejs-24.19.0/bin:/nix/store/pn3yxi56kj33zvw3scqkavvhp5mrlyq5-vicinae-0.23.2/bin:/home/outworld/.asdf/shims:/run/wrappers/bin:/home/outworld/.local/bin:/home/outworld/.nix-profile/bin:/nix/profile/bin:/home/outworld/.local/state/nix/profile/bin:/etc/profiles/per-user/outworld/bin:/nix/var/nix/profiles/default/bin:/run/current-system/sw/bin:/home/outworld/.krew/bin:/nix/store/54lapjili1w9yrdha21gb23vbmdivcy0-agterm-0.26.1/opt/agterm-linux/bin:/home/outworld/.krew/bin"
2026-09-20T19:36:01.829808Z ERROR herdr::app: failed to create default workspace err=Unable to spawn nu because:
No viable candidates found in PATH "/nix/store/l07gdbxylzfl8pbx9pxy6fyg95w4hjwy-nodejs-24.19.0/bin:/nix/store/pn3yxi56kj33zvw3scqkavvhp5mrlyq5-vicinae-0.23.2/bin:/home/outworld/.asdf/shims:/run/wrappers/bin:/home/outworld/.local/bin:/home/outworld/.nix-profile/bin:/nix/profile/bin:/home/outworld/.local/state/nix/profile/bin:/etc/profiles/per-user/outworld/bin:/nix/var/nix/profiles/default/bin:/run/current-system/sw/bin:/home/outworld/.krew/bin:/nix/store/54lapjili1w9yrdha21gb23vbmdivcy0-agterm-0.26.1/opt/agterm-linux/bin:/home/outworld/.krew/bin"
2026-09-20T19:36:01.830594Z  INFO herdr::logging: spawning pane terminal event="pane.spawn.start" subsystem="pane" outcome="started" pane_id=61 rows=40 cols=120 scrollback_limit_bytes=10000000
2026-09-20T19:36:01.830662Z ERROR herdr::pane: failed to spawn shell pane=61 err=Unable to spawn nu because:
No viable candidates found in PATH "/nix/store/l07gdbxylzfl8pbx9pxy6fyg95w4hjwy-nodejs-24.19.0/bin:/nix/store/pn3yxi56kj33zvw3scqkavvhp5mrlyq5-vicinae-0.23.2/bin:/home/outworld/.asdf/shims:/run/wrappers/bin:/home/outworld/.local/bin:/home/outworld/.nix-profile/bin:/nix/profile/bin:/home/outworld/.local/state/nix/profile/bin:/etc/profiles/per-user/outworld/bin:/nix/var/nix/profiles/default/bin:/run/current-system/sw/bin:/home/outworld/.krew/bin:/nix/store/54lapjili1w9yrdha21gb23vbmdivcy0-agterm-0.26.1/opt/agterm-linux/bin:/home/outworld/.krew/bin"
2026-09-20T19:36:01.830666Z ERROR herdr::app: failed to create default workspace err=Unable to spawn nu because:
No viable candidates found in PATH "/nix/store/l07gdbxylzfl8pbx9pxy6fyg95w4hjwy-nodejs-24.19.0/bin:/nix/store/pn3yxi56kj33zvw3scqkavvhp5mrlyq5-vicinae-0.23.2/bin:/home/outworld/.asdf/shims:/run/wrappers/bin:/home/outworld/.local/bin:/home/outworld/.nix-profile/bin:/nix/profile/bin:/home/outworld/.local/state/nix/profile/bin:/etc/profiles/per-user/outworld/bin:/nix/var/nix/profiles/default/bin:/run/current-system/sw/bin:/home/outworld/.krew/bin:/nix/store/54lapjili1w9yrdha21gb23vbmdivcy0-agterm-0.26.1/opt/agterm-linux/bin:/home/outworld/.krew/bin"
2026-09-20T19:36:02.080999Z  INFO herdr::logging: spawning pane terminal event="pane.spawn.start" subsystem="pane" outcome="started" pane_id=62 rows=40 cols=120 scrollback_limit_bytes=10000000
2026-09-20T19:36:02.081113Z ERROR herdr::pane: failed to spawn shell pane=62 err=Unable to spawn nu because:
No viable candidates found in PATH "/nix/store/l07gdbxylzfl8pbx9pxy6fyg95w4hjwy-nodejs-24.19.0/bin:/nix/store/pn3yxi56kj33zvw3scqkavvhp5mrlyq5-vicinae-0.23.2/bin:/home/outworld/.asdf/shims:/run/wrappers/bin:/home/outworld/.local/bin:/home/outworld/.nix-profile/bin:/nix/profile/bin:/home/outworld/.local/state/nix/profile/bin:/etc/profiles/per-user/outworld/bin:/nix/var/nix/profiles/default/bin:/run/current-system/sw/bin:/home/outworld/.krew/bin:/nix/store/54lapjili1w9yrdha21gb23vbmdivcy0-agterm-0.26.1/opt/agterm-linux/bin:/home/outworld/.krew/bin"
2026-09-20T19:36:02.081120Z ERROR herdr::app: failed to create default workspace err=Unable to spawn nu because:
No viable candidates found in PATH "/nix/store/l07gdbxylzfl8pbx9pxy6fyg95w4hjwy-nodejs-24.19.0/bin:/nix/store/pn3yxi56kj33zvw3scqkavvhp5mrlyq5-vicinae-0.23.2/bin:/home/outworld/.asdf/shims:/run/wrappers/bin:/home/outworld/.local/bin:/home/outworld/.nix-profile/bin:/nix/profile/bin:/home/outworld/.local/state/nix/profile/bin:/etc/profiles/per-user/outworld/bin:/nix/var/nix/profiles/default/bin:/run/current-system/sw/bin:/home/outworld/.krew/bin:/nix/store/54lapjili1w9yrdha21gb23vbmdivcy0-agterm-0.26.1/opt/agterm-linux/bin:/home/outworld/.krew/bin"
2026-09-20T19:36:02.332475Z  INFO herdr::logging: spawning pane terminal event="pane.spawn.start" subsystem="pane" outcome="started" pane_id=63 rows=40 cols=120 scrollback_limit_bytes=10000000
2026-09-20T19:36:02.332607Z ERROR herdr::pane: failed to spawn shell pane=63 err=Unable to spawn nu because:
No viable candidates found in PATH "/nix/store/l07gdbxylzfl8pbx9pxy6fyg95w4hjwy-nodejs-24.19.0/bin:/nix/store/pn3yxi56kj33zvw3scqkavvhp5mrlyq5-vicinae-0.23.2/bin:/home/outworld/.asdf/shims:/run/wrappers/bin:/home/outworld/.local/bin:/home/outworld/.nix-profile/bin:/nix/profile/bin:/home/outworld/.local/state/nix/profile/bin:/etc/profiles/per-user/outworld/bin:/nix/var/nix/profiles/default/bin:/run/current-system/sw/bin:/home/outworld/.krew/bin:/nix/store/54lapjili1w9yrdha21gb23vbmdivcy0-agterm-0.26.1/opt/agterm-linux/bin:/home/outworld/.krew/bin"
2026-09-20T19:36:02.332615Z ERROR herdr::app: failed to create default workspace err=Unable to spawn nu because:
No viable candidates found in PATH "/nix/store/l07gdbxylzfl8pbx9pxy6fyg95w4hjwy-nodejs-24.19.0/bin:/nix/store/pn3yxi56kj33zvw3scqkavvhp5mrlyq5-vicinae-0.23.2/bin:/home/outworld/.asdf/shims:/run/wrappers/bin:/home/outworld/.local/bin:/home/outworld/.nix-profile/bin:/nix/profile/bin:/home/outworld/.local/state/nix/profile/bin:/etc/profiles/per-user/outworld/bin:/nix/var/nix/profiles/default/bin:/run/current-system/sw/bin:/home/outworld/.krew/bin:/nix/store/54lapjili1w9yrdha21gb23vbmdivcy0-agterm-0.26.1/opt/agterm-linux/bin:/home/outworld/.krew/bin"
2026-09-20T19:36:02.583810Z  INFO herdr::logging: spawning pane terminal event="pane.spawn.start" subsystem="pane" outcome="started" pane_id=64 rows=40 cols=120 scrollback_limit_bytes=10000000
2026-09-20T19:36:02.583917Z ERROR herdr::pane: failed to spawn shell pane=64 err=Unable to spawn nu because:
No viable candidates found in PATH "/nix/store/l07gdbxylzfl8pbx9pxy6fyg95w4hjwy-nodejs-24.19.0/bin:/nix/store/pn3yxi56kj33zvw3scqkavvhp5mrlyq5-vicinae-0.23.2/bin:/home/outworld/.asdf/shims:/run/wrappers/bin:/home/outworld/.local/bin:/home/outworld/.nix-profile/bin:/nix/profile/bin:/home/outworld/.local/state/nix/profile/bin:/etc/profiles/per-user/outworld/bin:/nix/var/nix/profiles/default/bin:/run/current-system/sw/bin:/home/outworld/.krew/bin:/nix/store/54lapjili1w9yrdha21gb23vbmdivcy0-agterm-0.26.1/opt/agterm-linux/bin:/home/outworld/.krew/bin"
2026-09-20T19:36:02.583924Z ERROR herdr::app: failed to create default workspace err=Unable to spawn nu because:
No viable candidates found in PATH "/nix/store/l07gdbxylzfl8pbx9pxy6fyg95w4hjwy-nodejs-24.19.0/bin:/nix/store/pn3yxi56kj33zvw3scqkavvhp5mrlyq5-vicinae-0.23.2/bin:/home/outworld/.asdf/shims:/run/wrappers/bin:/home/outworld/.local/bin:/home/outworld/.nix-profile/bin:/nix/profile/bin:/home/outworld/.local/state/nix/profile/bin:/etc/profiles/per-user/outworld/bin:/nix/var/nix/profiles/default/bin:/run/current-system/sw/bin:/home/outworld/.krew/bin:/nix/store/54lapjili1w9yrdha21gb23vbmdivcy0-agterm-0.26.1/opt/agterm-linux/bin:/home/outworld/.krew/bin"
2026-09-20T19:36:02.834269Z  INFO herdr::logging: spawning pane terminal event="pane.spawn.start" subsystem="pane" outcome="started" pane_id=65 rows=40 cols=120 scrollback_limit_bytes=10000000
2026-09-20T19:36:02.834381Z ERROR herdr::pane: failed to spawn shell pane=65 err=Unable to spawn nu because:
No viable candidates found in PATH "/nix/store/l07gdbxylzfl8pbx9pxy6fyg95w4hjwy-nodejs-24.19.0/bin:/nix/store/pn3yxi56kj33zvw3scqkavvhp5mrlyq5-vicinae-0.23.2/bin:/home/outworld/.asdf/shims:/run/wrappers/bin:/home/outworld/.local/bin:/home/outworld/.nix-profile/bin:/nix/profile/bin:/home/outworld/.local/state/nix/profile/bin:/etc/profiles/per-user/outworld/bin:/nix/var/nix/profiles/default/bin:/run/current-system/sw/bin:/home/outworld/.krew/bin:/nix/store/54lapjili1w9yrdha21gb23vbmdivcy0-agterm-0.26.1/opt/agterm-linux/bin:/home/outworld/.krew/bin"
2026-09-20T19:36:02.834388Z ERROR herdr::app: failed to create default workspace err=Unable to spawn nu because:
No viable candidates found in PATH "/nix/store/l07gdbxylzfl8pbx9pxy6fyg95w4hjwy-nodejs-24.19.0/bin:/nix/store/pn3yxi56kj33zvw3scqkavvhp5mrlyq5-vicinae-0.23.2/bin:/home/outworld/.asdf/shims:/run/wrappers/bin:/home/outworld/.local/bin:/home/outworld/.nix-profile/bin:/nix/profile/bin:/home/outworld/.local/state/nix/profile/bin:/etc/profiles/per-user/outworld/bin:/nix/var/nix/profiles/default/bin:/run/current-system/sw/bin:/home/outworld/.krew/bin:/nix/store/54lapjili1w9yrdha21gb23vbmdivcy0-agterm-0.26.1/opt/agterm-linux/bin:/home/outworld/.krew/bin"
2026-09-20T19:36:03.085739Z  INFO herdr::logging: spawning pane terminal event="pane.spawn.start" subsystem="pane" outcome="started" pane_id=66 rows=40 cols=120 scrollback_limit_bytes=10000000
2026-09-20T19:36:03.085849Z ERROR herdr::pane: failed to spawn shell pane=66 err=Unable to spawn nu because:
No viable candidates found in PATH "/nix/store/l07gdbxylzfl8pbx9pxy6fyg95w4hjwy-nodejs-24.19.0/bin:/nix/store/pn3yxi56kj33zvw3scqkavvhp5mrlyq5-vicinae-0.23.2/bin:/home/outworld/.asdf/shims:/run/wrappers/bin:/home/outworld/.local/bin:/home/outworld/.nix-profile/bin:/nix/profile/bin:/home/outworld/.local/state/nix/profile/bin:/etc/profiles/per-user/outworld/bin:/nix/var/nix/profiles/default/bin:/run/current-system/sw/bin:/home/outworld/.krew/bin:/nix/store/54lapjili1w9yrdha21gb23vbmdivcy0-agterm-0.26.1/opt/agterm-linux/bin:/home/outworld/.krew/bin"
2026-09-20T19:36:03.085856Z ERROR herdr::app: failed to create default workspace err=Unable to spawn nu because:
No viable candidates found in PATH "/nix/store/l07gdbxylzfl8pbx9pxy6fyg95w4hjwy-nodejs-24.19.0/bin:/nix/store/pn3yxi56kj33zvw3scqkavvhp5mrlyq5-vicinae-0.23.2/bin:/home/outworld/.asdf/shims:/run/wrappers/bin:/home/outworld/.local/bin:/home/outworld/.nix-profile/bin:/nix/profile/bin:/home/outworld/.local/state/nix/profile/bin:/etc/profiles/per-user/outworld/bin:/nix/var/nix/profiles/default/bin:/run/current-system/sw/bin:/home/outworld/.krew/bin:/nix/store/54lapjili1w9yrdha21gb23vbmdivcy0-agterm-0.26.1/opt/agterm-linux/bin:/home/outworld/.krew/bin"
2026-09-20T19:36:03.336207Z  INFO herdr::logging: spawning pane terminal event="pane.spawn.start" subsystem="pane" outcome="started" pane_id=67 rows=40 cols=120 scrollback_limit_bytes=10000000
2026-09-20T19:36:03.336323Z ERROR herdr::pane: failed to spawn shell pane=67 err=Unable to spawn nu because:
No viable candidates found in PATH "/nix/store/l07gdbxylzfl8pbx9pxy6fyg95w4hjwy-nodejs-24.19.0/bin:/nix/store/pn3yxi56kj33zvw3scqkavvhp5mrlyq5-vicinae-0.23.2/bin:/home/outworld/.asdf/shims:/run/wrappers/bin:/home/outworld/.local/bin:/home/outworld/.nix-profile/bin:/nix/profile/bin:/home/outworld/.local/state/nix/profile/bin:/etc/profiles/per-user/outworld/bin:/nix/var/nix/profiles/default/bin:/run/current-system/sw/bin:/home/outworld/.krew/bin:/nix/store/54lapjili1w9yrdha21gb23vbmdivcy0-agterm-0.26.1/opt/agterm-linux/bin:/home/outworld/.krew/bin"
2026-09-20T19:36:03.336333Z ERROR herdr::app: failed to create default workspace err=Unable to spawn nu because:
No viable candidates found in PATH "/nix/store/l07gdbxylzfl8pbx9pxy6fyg95w4hjwy-nodejs-24.19.0/bin:/nix/store/pn3yxi56kj33zvw3scqkavvhp5mrlyq5-vicinae-0.23.2/bin:/home/outworld/.asdf/shims:/run/wrappers/bin:/home/outworld/.local/bin:/home/outworld/.nix-profile/bin:/nix/profile/bin:/home/outworld/.local/state/nix/profile/bin:/etc/profiles/per-user/outworld/bin:/nix/var/nix/profiles/default/bin:/run/current-system/sw/bin:/home/outworld/.krew/bin:/nix/store/54lapjili1w9yrdha21gb23vbmdivcy0-agterm-0.26.1/opt/agterm-linux/bin:/home/outworld/.krew/bin"
2026-09-20T19:36:03.587613Z  INFO herdr::logging: spawning pane terminal event="pane.spawn.start" subsystem="pane" outcome="started" pane_id=68 rows=40 cols=120 scrollback_limit_bytes=10000000
2026-09-20T19:36:03.587727Z ERROR herdr::pane: failed to spawn shell pane=68 err=Unable to spawn nu because:
No viable candidates found in PATH "/nix/store/l07gdbxylzfl8pbx9pxy6fyg95w4hjwy-nodejs-24.19.0/bin:/nix/store/pn3yxi56kj33zvw3scqkavvhp5mrlyq5-vicinae-0.23.2/bin:/home/outworld/.asdf/shims:/run/wrappers/bin:/home/outworld/.local/bin:/home/outworld/.nix-profile/bin:/nix/profile/bin:/home/outworld/.local/state/nix/profile/bin:/etc/profiles/per-user/outworld/bin:/nix/var/nix/profiles/default/bin:/run/current-system/sw/bin:/home/outworld/.krew/bin:/nix/store/54lapjili1w9yrdha21gb23vbmdivcy0-agterm-0.26.1/opt/agterm-linux/bin:/home/outworld/.krew/bin"
2026-09-20T19:36:03.587734Z ERROR herdr::app: failed to create default workspace err=Unable to spawn nu because:
No viable candidates found in PATH "/nix/store/l07gdbxylzfl8pbx9pxy6fyg95w4hjwy-nodejs-24.19.0/bin:/nix/store/pn3yxi56kj33zvw3scqkavvhp5mrlyq5-vicinae-0.23.2/bin:/home/outworld/.asdf/shims:/run/wrappers/bin:/home/outworld/.local/bin:/home/outworld/.nix-profile/bin:/nix/profile/bin:/home/outworld/.local/state/nix/profile/bin:/etc/profiles/per-user/outworld/bin:/nix/var/nix/profiles/default/bin:/run/current-system/sw/bin:/home/outworld/.krew/bin:/nix/store/54lapjili1w9yrdha21gb23vbmdivcy0-agterm-0.26.1/opt/agterm-linux/bin:/home/outworld/.krew/bin"
2026-09-20T19:36:03.838041Z  INFO herdr::logging: spawning pane terminal event="pane.spawn.start" subsystem="pane" outcome="started" pane_id=69 rows=40 cols=120 scrollback_limit_bytes=10000000
2026-09-20T19:36:03.838142Z ERROR herdr::pane: failed to spawn shell pane=69 err=Unable to spawn nu because:
No viable candidates found in PATH "/nix/store/l07gdbxylzfl8pbx9pxy6fyg95w4hjwy-nodejs-24.19.0/bin:/nix/store/pn3yxi56kj33zvw3scqkavvhp5mrlyq5-vicinae-0.23.2/bin:/home/outworld/.asdf/shims:/run/wrappers/bin:/home/outworld/.local/bin:/home/outworld/.nix-profile/bin:/nix/profile/bin:/home/outworld/.local/state/nix/profile/bin:/etc/profiles/per-user/outworld/bin:/nix/var/nix/profiles/default/bin:/run/current-system/sw/bin:/home/outworld/.krew/bin:/nix/store/54lapjili1w9yrdha21gb23vbmdivcy0-agterm-0.26.1/opt/agterm-linux/bin:/home/outworld/.krew/bin"
2026-09-20T19:36:03.838150Z ERROR herdr::app: failed to create default workspace err=Unable to spawn nu because:
No viable candidates found in PATH "/nix/store/l07gdbxylzfl8pbx9pxy6fyg95w4hjwy-nodejs-24.19.0/bin:/nix/store/pn3yxi56kj33zvw3scqkavvhp5mrlyq5-vicinae-0.23.2/bin:/home/outworld/.asdf/shims:/run/wrappers/bin:/home/outworld/.local/bin:/home/outworld/.nix-profile/bin:/nix/profile/bin:/home/outworld/.local/state/nix/profile/bin:/etc/profiles/per-user/outworld/bin:/nix/var/nix/profiles/default/bin:/run/current-system/sw/bin:/home/outworld/.krew/bin:/nix/store/54lapjili1w9yrdha21gb23vbmdivcy0-agterm-0.26.1/opt/agterm-linux/bin:/home/outworld/.krew/bin"
2026-09-20T19:36:04.089386Z  INFO herdr::logging: spawning pane terminal event="pane.spawn.start" subsystem="pane" outcome="started" pane_id=70 rows=40 cols=120 scrollback_limit_bytes=10000000
2026-09-20T19:36:04.089497Z ERROR herdr::pane: failed to spawn shell pane=70 err=Unable to spawn nu because:
No viable candidates found in PATH "/nix/store/l07gdbxylzfl8pbx9pxy6fyg95w4hjwy-nodejs-24.19.0/bin:/nix/store/pn3yxi56kj33zvw3scqkavvhp5mrlyq5-vicinae-0.23.2/bin:/home/outworld/.asdf/shims:/run/wrappers/bin:/home/outworld/.local/bin:/home/outworld/.nix-profile/bin:/nix/profile/bin:/home/outworld/.local/state/nix/profile/bin:/etc/profiles/per-user/outworld/bin:/nix/var/nix/profiles/default/bin:/run/current-system/sw/bin:/home/outworld/.krew/bin:/nix/store/54lapjili1w9yrdha21gb23vbmdivcy0-agterm-0.26.1/opt/agterm-linux/bin:/home/outworld/.krew/bin"
2026-09-20T19:36:04.089503Z ERROR herdr::app: failed to create default workspace err=Unable to spawn nu because:
No viable candidates found in PATH "/nix/store/l07gdbxylzfl8pbx9pxy6fyg95w4hjwy-nodejs-24.19.0/bin:/nix/store/pn3yxi56kj33zvw3scqkavvhp5mrlyq5-vicinae-0.23.2/bin:/home/outworld/.asdf/shims:/run/wrappers/bin:/home/outworld/.local/bin:/home/outworld/.nix-profile/bin:/nix/profile/bin:/home/outworld/.local/state/nix/profile/bin:/etc/profiles/per-user/outworld/bin:/nix/var/nix/profiles/default/bin:/run/current-system/sw/bin:/home/outworld/.krew/bin:/nix/store/54lapjili1w9yrdha21gb23vbmdivcy0-agterm-0.26.1/opt/agterm-linux/bin:/home/outworld/.krew/bin"
2026-09-20T19:36:04.340816Z  INFO herdr::logging: spawning pane terminal event="pane.spawn.start" subsystem="pane" outcome="started" pane_id=71 rows=40 cols=120 scrollback_limit_bytes=10000000
2026-09-20T19:36:04.340928Z ERROR herdr::pane: failed to spawn shell pane=71 err=Unable to spawn nu because:
No viable candidates found in PATH "/nix/store/l07gdbxylzfl8pbx9pxy6fyg95w4hjwy-nodejs-24.19.0/bin:/nix/store/pn3yxi56kj33zvw3scqkavvhp5mrlyq5-vicinae-0.23.2/bin:/home/outworld/.asdf/shims:/run/wrappers/bin:/home/outworld/.local/bin:/home/outworld/.nix-profile/bin:/nix/profile/bin:/home/outworld/.local/state/nix/profile/bin:/etc/profiles/per-user/outworld/bin:/nix/var/nix/profiles/default/bin:/run/current-system/sw/bin:/home/outworld/.krew/bin:/nix/store/54lapjili1w9yrdha21gb23vbmdivcy0-agterm-0.26.1/opt/agterm-linux/bin:/home/outworld/.krew/bin"
2026-09-20T19:36:04.340935Z ERROR herdr::app: failed to create default workspace err=Unable to spawn nu because:
No viable candidates found in PATH "/nix/store/l07gdbxylzfl8pbx9pxy6fyg95w4hjwy-nodejs-24.19.0/bin:/nix/store/pn3yxi56kj33zvw3scqkavvhp5mrlyq5-vicinae-0.23.2/bin:/home/outworld/.asdf/shims:/run/wrappers/bin:/home/outworld/.local/bin:/home/outworld/.nix-profile/bin:/nix/profile/bin:/home/outworld/.local/state/nix/profile/bin:/etc/profiles/per-user/outworld/bin:/nix/var/nix/profiles/default/bin:/run/current-system/sw/bin:/home/outworld/.krew/bin:/nix/store/54lapjili1w9yrdha21gb23vbmdivcy0-agterm-0.26.1/opt/agterm-linux/bin:/home/outworld/.krew/bin"
2026-09-20T19:36:04.591250Z  INFO herdr::logging: spawning pane terminal event="pane.spawn.start" subsystem="pane" outcome="started" pane_id=72 rows=40 cols=120 scrollback_limit_bytes=10000000
2026-09-20T19:36:04.591365Z ERROR herdr::pane: failed to spawn shell pane=72 err=Unable to spawn nu because:
No viable candidates found in PATH "/nix/store/l07gdbxylzfl8pbx9pxy6fyg95w4hjwy-nodejs-24.19.0/bin:/nix/store/pn3yxi56kj33zvw3scqkavvhp5mrlyq5-vicinae-0.23.2/bin:/home/outworld/.asdf/shims:/run/wrappers/bin:/home/outworld/.local/bin:/home/outworld/.nix-profile/bin:/nix/profile/bin:/home/outworld/.local/state/nix/profile/bin:/etc/profiles/per-user/outworld/bin:/nix/var/nix/profiles/default/bin:/run/current-system/sw/bin:/home/outworld/.krew/bin:/nix/store/54lapjili1w9yrdha21gb23vbmdivcy0-agterm-0.26.1/opt/agterm-linux/bin:/home/outworld/.krew/bin"
2026-09-20T19:36:04.591373Z ERROR herdr::app: failed to create default workspace err=Unable to spawn nu because:
No viable candidates found in PATH "/nix/store/l07gdbxylzfl8pbx9pxy6fyg95w4hjwy-nodejs-24.19.0/bin:/nix/store/pn3yxi56kj33zvw3scqkavvhp5mrlyq5-vicinae-0.23.2/bin:/home/outworld/.asdf/shims:/run/wrappers/bin:/home/outworld/.local/bin:/home/outworld/.nix-profile/bin:/nix/profile/bin:/home/outworld/.local/state/nix/profile/bin:/etc/profiles/per-user/outworld/bin:/nix/var/nix/profiles/default/bin:/run/current-system/sw/bin:/home/outworld/.krew/bin:/nix/store/54lapjili1w9yrdha21gb23vbmdivcy0-agterm-0.26.1/opt/agterm-linux/bin:/home/outworld/.krew/bin"
2026-09-20T19:36:04.842704Z  INFO herdr::logging: spawning pane terminal event="pane.spawn.start" subsystem="pane" outcome="started" pane_id=73 rows=40 cols=120 scrollback_limit_bytes=10000000
2026-09-20T19:36:04.842817Z ERROR herdr::pane: failed to spawn shell pane=73 err=Unable to spawn nu because:
No viable candidates found in PATH "/nix/store/l07gdbxylzfl8pbx9pxy6fyg95w4hjwy-nodejs-24.19.0/bin:/nix/store/pn3yxi56kj33zvw3scqkavvhp5mrlyq5-vicinae-0.23.2/bin:/home/outworld/.asdf/shims:/run/wrappers/bin:/home/outworld/.local/bin:/home/outworld/.nix-profile/bin:/nix/profile/bin:/home/outworld/.local/state/nix/profile/bin:/etc/profiles/per-user/outworld/bin:/nix/var/nix/profiles/default/bin:/run/current-system/sw/bin:/home/outworld/.krew/bin:/nix/store/54lapjili1w9yrdha21gb23vbmdivcy0-agterm-0.26.1/opt/agterm-linux/bin:/home/outworld/.krew/bin"
2026-09-20T19:36:04.842824Z ERROR herdr::app: failed to create default workspace err=Unable to spawn nu because:
No viable candidates found in PATH "/nix/store/l07gdbxylzfl8pbx9pxy6fyg95w4hjwy-nodejs-24.19.0/bin:/nix/store/pn3yxi56kj33zvw3scqkavvhp5mrlyq5-vicinae-0.23.2/bin:/home/outworld/.asdf/shims:/run/wrappers/bin:/home/outworld/.local/bin:/home/outworld/.nix-profile/bin:/nix/profile/bin:/home/outworld/.local/state/nix/profile/bin:/etc/profiles/per-user/outworld/bin:/nix/var/nix/profiles/default/bin:/run/current-system/sw/bin:/home/outworld/.krew/bin:/nix/store/54lapjili1w9yrdha21gb23vbmdivcy0-agterm-0.26.1/opt/agterm-linux/bin:/home/outworld/.krew/bin"
2026-09-20T19:36:05.093201Z  INFO herdr::logging: spawning pane terminal event="pane.spawn.start" subsystem="pane" outcome="started" pane_id=74 rows=40 cols=120 scrollback_limit_bytes=10000000
2026-09-20T19:36:05.093359Z ERROR herdr::pane: failed to spawn shell pane=74 err=Unable to spawn nu because:
No viable candidates found in PATH "/nix/store/l07gdbxylzfl8pbx9pxy6fyg95w4hjwy-nodejs-24.19.0/bin:/nix/store/pn3yxi56kj33zvw3scqkavvhp5mrlyq5-vicinae-0.23.2/bin:/home/outworld/.asdf/shims:/run/wrappers/bin:/home/outworld/.local/bin:/home/outworld/.nix-profile/bin:/nix/profile/bin:/home/outworld/.local/state/nix/profile/bin:/etc/profiles/per-user/outworld/bin:/nix/var/nix/profiles/default/bin:/run/current-system/sw/bin:/home/outworld/.krew/bin:/nix/store/54lapjili1w9yrdha21gb23vbmdivcy0-agterm-0.26.1/opt/agterm-linux/bin:/home/outworld/.krew/bin"
2026-09-20T19:36:05.093369Z ERROR herdr::app: failed to create default workspace err=Unable to spawn nu because:
No viable candidates found in PATH "/nix/store/l07gdbxylzfl8pbx9pxy6fyg95w4hjwy-nodejs-24.19.0/bin:/nix/store/pn3yxi56kj33zvw3scqkavvhp5mrlyq5-vicinae-0.23.2/bin:/home/outworld/.asdf/shims:/run/wrappers/bin:/home/outworld/.local/bin:/home/outworld/.nix-profile/bin:/nix/profile/bin:/home/outworld/.local/state/nix/profile/bin:/etc/profiles/per-user/outworld/bin:/nix/var/nix/profiles/default/bin:/run/current-system/sw/bin:/home/outworld/.krew/bin:/nix/store/54lapjili1w9yrdha21gb23vbmdivcy0-agterm-0.26.1/opt/agterm-linux/bin:/home/outworld/.krew/bin"
2026-09-20T19:36:05.344710Z  INFO herdr::logging: spawning pane terminal event="pane.spawn.start" subsystem="pane" outcome="started" pane_id=75 rows=40 cols=120 scrollback_limit_bytes=10000000
2026-09-20T19:36:05.344827Z ERROR herdr::pane: failed to spawn shell pane=75 err=Unable to spawn nu because:
No viable candidates found in PATH "/nix/store/l07gdbxylzfl8pbx9pxy6fyg95w4hjwy-nodejs-24.19.0/bin:/nix/store/pn3yxi56kj33zvw3scqkavvhp5mrlyq5-vicinae-0.23.2/bin:/home/outworld/.asdf/shims:/run/wrappers/bin:/home/outworld/.local/bin:/home/outworld/.nix-profile/bin:/nix/profile/bin:/home/outworld/.local/state/nix/profile/bin:/etc/profiles/per-user/outworld/bin:/nix/var/nix/profiles/default/bin:/run/current-system/sw/bin:/home/outworld/.krew/bin:/nix/store/54lapjili1w9yrdha21gb23vbmdivcy0-agterm-0.26.1/opt/agterm-linux/bin:/home/outworld/.krew/bin"
2026-09-20T19:36:05.344836Z ERROR herdr::app: failed to create default workspace err=Unable to spawn nu because:
No viable candidates found in PATH "/nix/store/l07gdbxylzfl8pbx9pxy6fyg95w4hjwy-nodejs-24.19.0/bin:/nix/store/pn3yxi56kj33zvw3scqkavvhp5mrlyq5-vicinae-0.23.2/bin:/home/outworld/.asdf/shims:/run/wrappers/bin:/home/outworld/.local/bin:/home/outworld/.nix-profile/bin:/nix/profile/bin:/home/outworld/.local/state/nix/profile/bin:/etc/profiles/per-user/outworld/bin:/nix/var/nix/profiles/default/bin:/run/current-system/sw/bin:/home/outworld/.krew/bin:/nix/store/54lapjili1w9yrdha21gb23vbmdivcy0-agterm-0.26.1/opt/agterm-linux/bin:/home/outworld/.krew/bin"
2026-09-20T19:36:05.407279Z  INFO herdr::logging: spawning pane terminal event="pane.spawn.start" subsystem="pane" outcome="started" pane_id=76 rows=40 cols=120 scrollback_limit_bytes=10000000
2026-09-20T19:36:05.407406Z ERROR herdr::pane: failed to spawn shell pane=76 err=Unable to spawn nu because:
No viable candidates found in PATH "/nix/store/l07gdbxylzfl8pbx9pxy6fyg95w4hjwy-nodejs-24.19.0/bin:/nix/store/pn3yxi56kj33zvw3scqkavvhp5mrlyq5-vicinae-0.23.2/bin:/home/outworld/.asdf/shims:/run/wrappers/bin:/home/outworld/.local/bin:/home/outworld/.nix-profile/bin:/nix/profile/bin:/home/outworld/.local/state/nix/profile/bin:/etc/profiles/per-user/outworld/bin:/nix/var/nix/profiles/default/bin:/run/current-system/sw/bin:/home/outworld/.krew/bin:/nix/store/54lapjili1w9yrdha21gb23vbmdivcy0-agterm-0.26.1/opt/agterm-linux/bin:/home/outworld/.krew/bin"
2026-09-20T19:36:05.407415Z ERROR herdr::app: failed to create default workspace err=Unable to spawn nu because:
No viable candidates found in PATH "/nix/store/l07gdbxylzfl8pbx9pxy6fyg95w4hjwy-nodejs-24.19.0/bin:/nix/store/pn3yxi56kj33zvw3scqkavvhp5mrlyq5-vicinae-0.23.2/bin:/home/outworld/.asdf/shims:/run/wrappers/bin:/home/outworld/.local/bin:/home/outworld/.nix-profile/bin:/nix/profile/bin:/home/outworld/.local/state/nix/profile/bin:/etc/profiles/per-user/outworld/bin:/nix/var/nix/profiles/default/bin:/run/current-system/sw/bin:/home/outworld/.krew/bin:/nix/store/54lapjili1w9yrdha21gb23vbmdivcy0-agterm-0.26.1/opt/agterm-linux/bin:/home/outworld/.krew/bin"
2026-09-20T19:36:05.407983Z  INFO herdr::logging: spawning pane terminal event="pane.spawn.start" subsystem="pane" outcome="started" pane_id=77 rows=40 cols=120 scrollback_limit_bytes=10000000
2026-09-20T19:36:05.408049Z ERROR herdr::pane: failed to spawn shell pane=77 err=Unable to spawn nu because:
No viable candidates found in PATH "/nix/store/l07gdbxylzfl8pbx9pxy6fyg95w4hjwy-nodejs-24.19.0/bin:/nix/store/pn3yxi56kj33zvw3scqkavvhp5mrlyq5-vicinae-0.23.2/bin:/home/outworld/.asdf/shims:/run/wrappers/bin:/home/outworld/.local/bin:/home/outworld/.nix-profile/bin:/nix/profile/bin:/home/outworld/.local/state/nix/profile/bin:/etc/profiles/per-user/outworld/bin:/nix/var/nix/profiles/default/bin:/run/current-system/sw/bin:/home/outworld/.krew/bin:/nix/store/54lapjili1w9yrdha21gb23vbmdivcy0-agterm-0.26.1/opt/agterm-linux/bin:/home/outworld/.krew/bin"
2026-09-20T19:36:05.408053Z ERROR herdr::app: failed to create default workspace err=Unable to spawn nu because:
No viable candidates found in PATH "/nix/store/l07gdbxylzfl8pbx9pxy6fyg95w4hjwy-nodejs-24.19.0/bin:/nix/store/pn3yxi56kj33zvw3scqkavvhp5mrlyq5-vicinae-0.23.2/bin:/home/outworld/.asdf/shims:/run/wrappers/bin:/home/outworld/.local/bin:/home/outworld/.nix-profile/bin:/nix/profile/bin:/home/outworld/.local/state/nix/profile/bin:/etc/profiles/per-user/outworld/bin:/nix/var/nix/profiles/default/bin:/run/current-system/sw/bin:/home/outworld/.krew/bin:/nix/store/54lapjili1w9yrdha21gb23vbmdivcy0-agterm-0.26.1/opt/agterm-linux/bin:/home/outworld/.krew/bin"
2026-09-20T19:36:05.659407Z  INFO herdr::logging: spawning pane terminal event="pane.spawn.start" subsystem="pane" outcome="started" pane_id=78 rows=40 cols=120 scrollback_limit_bytes=10000000
2026-09-20T19:36:05.659549Z ERROR herdr::pane: failed to spawn shell pane=78 err=Unable to spawn nu because:
No viable candidates found in PATH "/nix/store/l07gdbxylzfl8pbx9pxy6fyg95w4hjwy-nodejs-24.19.0/bin:/nix/store/pn3yxi56kj33zvw3scqkavvhp5mrlyq5-vicinae-0.23.2/bin:/home/outworld/.asdf/shims:/run/wrappers/bin:/home/outworld/.local/bin:/home/outworld/.nix-profile/bin:/nix/profile/bin:/home/outworld/.local/state/nix/profile/bin:/etc/profiles/per-user/outworld/bin:/nix/var/nix/profiles/default/bin:/run/current-system/sw/bin:/home/outworld/.krew/bin:/nix/store/54lapjili1w9yrdha21gb23vbmdivcy0-agterm-0.26.1/opt/agterm-linux/bin:/home/outworld/.krew/bin"
2026-09-20T19:36:05.659561Z ERROR herdr::app: failed to create default workspace err=Unable to spawn nu because:
No viable candidates found in PATH "/nix/store/l07gdbxylzfl8pbx9pxy6fyg95w4hjwy-nodejs-24.19.0/bin:/nix/store/pn3yxi56kj33zvw3scqkavvhp5mrlyq5-vicinae-0.23.2/bin:/home/outworld/.asdf/shims:/run/wrappers/bin:/home/outworld/.local/bin:/home/outworld/.nix-profile/bin:/nix/profile/bin:/home/outworld/.local/state/nix/profile/bin:/etc/profiles/per-user/outworld/bin:/nix/var/nix/profiles/default/bin:/run/current-system/sw/bin:/home/outworld/.krew/bin:/nix/store/54lapjili1w9yrdha21gb23vbmdivcy0-agterm-0.26.1/opt/agterm-linux/bin:/home/outworld/.krew/bin"
2026-09-20T19:36:05.909913Z  INFO herdr::logging: spawning pane terminal event="pane.spawn.start" subsystem="pane" outcome="started" pane_id=79 rows=40 cols=120 scrollback_limit_bytes=10000000
2026-09-20T19:36:05.910021Z ERROR herdr::pane: failed to spawn shell pane=79 err=Unable to spawn nu because:
No viable candidates found in PATH "/nix/store/l07gdbxylzfl8pbx9pxy6fyg95w4hjwy-nodejs-24.19.0/bin:/nix/store/pn3yxi56kj33zvw3scqkavvhp5mrlyq5-vicinae-0.23.2/bin:/home/outworld/.asdf/shims:/run/wrappers/bin:/home/outworld/.local/bin:/home/outworld/.nix-profile/bin:/nix/profile/bin:/home/outworld/.local/state/nix/profile/bin:/etc/profiles/per-user/outworld/bin:/nix/var/nix/profiles/default/bin:/run/current-system/sw/bin:/home/outworld/.krew/bin:/nix/store/54lapjili1w9yrdha21gb23vbmdivcy0-agterm-0.26.1/opt/agterm-linux/bin:/home/outworld/.krew/bin"
2026-09-20T19:36:05.910027Z ERROR herdr::app: failed to create default workspace err=Unable to spawn nu because:
No viable candidates found in PATH "/nix/store/l07gdbxylzfl8pbx9pxy6fyg95w4hjwy-nodejs-24.19.0/bin:/nix/store/pn3yxi56kj33zvw3scqkavvhp5mrlyq5-vicinae-0.23.2/bin:/home/outworld/.asdf/shims:/run/wrappers/bin:/home/outworld/.local/bin:/home/outworld/.nix-profile/bin:/nix/profile/bin:/home/outworld/.local/state/nix/profile/bin:/etc/profiles/per-user/outworld/bin:/nix/var/nix/profiles/default/bin:/run/current-system/sw/bin:/home/outworld/.krew/bin:/nix/store/54lapjili1w9yrdha21gb23vbmdivcy0-agterm-0.26.1/opt/agterm-linux/bin:/home/outworld/.krew/bin"
2026-09-20T19:36:06.161344Z  INFO herdr::logging: spawning pane terminal event="pane.spawn.start" subsystem="pane" outcome="started" pane_id=80 rows=40 cols=120 scrollback_limit_bytes=10000000
2026-09-20T19:36:06.161477Z ERROR herdr::pane: failed to spawn shell pane=80 err=Unable to spawn nu because:
No viable candidates found in PATH "/nix/store/l07gdbxylzfl8pbx9pxy6fyg95w4hjwy-nodejs-24.19.0/bin:/nix/store/pn3yxi56kj33zvw3scqkavvhp5mrlyq5-vicinae-0.23.2/bin:/home/outworld/.asdf/shims:/run/wrappers/bin:/home/outworld/.local/bin:/home/outworld/.nix-profile/bin:/nix/profile/bin:/home/outworld/.local/state/nix/profile/bin:/etc/profiles/per-user/outworld/bin:/nix/var/nix/profiles/default/bin:/run/current-system/sw/bin:/home/outworld/.krew/bin:/nix/store/54lapjili1w9yrdha21gb23vbmdivcy0-agterm-0.26.1/opt/agterm-linux/bin:/home/outworld/.krew/bin"
2026-09-20T19:36:06.161486Z ERROR herdr::app: failed to create default workspace err=Unable to spawn nu because:
No viable candidates found in PATH "/nix/store/l07gdbxylzfl8pbx9pxy6fyg95w4hjwy-nodejs-24.19.0/bin:/nix/store/pn3yxi56kj33zvw3scqkavvhp5mrlyq5-vicinae-0.23.2/bin:/home/outworld/.asdf/shims:/run/wrappers/bin:/home/outworld/.local/bin:/home/outworld/.nix-profile/bin:/nix/profile/bin:/home/outworld/.local/state/nix/profile/bin:/etc/profiles/per-user/outworld/bin:/nix/var/nix/profiles/default/bin:/run/current-system/sw/bin:/home/outworld/.krew/bin:/nix/store/54lapjili1w9yrdha21gb23vbmdivcy0-agterm-0.26.1/opt/agterm-linux/bin:/home/outworld/.krew/bin"
2026-09-20T19:36:06.412842Z  INFO herdr::logging: spawning pane terminal event="pane.spawn.start" subsystem="pane" outcome="started" pane_id=81 rows=40 cols=120 scrollback_limit_bytes=10000000
2026-09-20T19:36:06.412949Z ERROR herdr::pane: failed to spawn shell pane=81 err=Unable to spawn nu because:
No viable candidates found in PATH "/nix/store/l07gdbxylzfl8pbx9pxy6fyg95w4hjwy-nodejs-24.19.0/bin:/nix/store/pn3yxi56kj33zvw3scqkavvhp5mrlyq5-vicinae-0.23.2/bin:/home/outworld/.asdf/shims:/run/wrappers/bin:/home/outworld/.local/bin:/home/outworld/.nix-profile/bin:/nix/profile/bin:/home/outworld/.local/state/nix/profile/bin:/etc/profiles/per-user/outworld/bin:/nix/var/nix/profiles/default/bin:/run/current-system/sw/bin:/home/outworld/.krew/bin:/nix/store/54lapjili1w9yrdha21gb23vbmdivcy0-agterm-0.26.1/opt/agterm-linux/bin:/home/outworld/.krew/bin"
2026-09-20T19:36:06.412956Z ERROR herdr::app: failed to create default workspace err=Unable to spawn nu because:
No viable candidates found in PATH "/nix/store/l07gdbxylzfl8pbx9pxy6fyg95w4hjwy-nodejs-24.19.0/bin:/nix/store/pn3yxi56kj33zvw3scqkavvhp5mrlyq5-vicinae-0.23.2/bin:/home/outworld/.asdf/shims:/run/wrappers/bin:/home/outworld/.local/bin:/home/outworld/.nix-profile/bin:/nix/profile/bin:/home/outworld/.local/state/nix/profile/bin:/etc/profiles/per-user/outworld/bin:/nix/var/nix/profiles/default/bin:/run/current-system/sw/bin:/home/outworld/.krew/bin:/nix/store/54lapjili1w9yrdha21gb23vbmdivcy0-agterm-0.26.1/opt/agterm-linux/bin:/home/outworld/.krew/bin"
2026-09-20T19:36:06.664379Z  INFO herdr::logging: spawning pane terminal event="pane.spawn.start" subsystem="pane" outcome="started" pane_id=82 rows=40 cols=120 scrollback_limit_bytes=10000000
2026-09-20T19:36:06.664584Z ERROR herdr::pane: failed to spawn shell pane=82 err=Unable to spawn nu because:
No viable candidates found in PATH "/nix/store/l07gdbxylzfl8pbx9pxy6fyg95w4hjwy-nodejs-24.19.0/bin:/nix/store/pn3yxi56kj33zvw3scqkavvhp5mrlyq5-vicinae-0.23.2/bin:/home/outworld/.asdf/shims:/run/wrappers/bin:/home/outworld/.local/bin:/home/outworld/.nix-profile/bin:/nix/profile/bin:/home/outworld/.local/state/nix/profile/bin:/etc/profiles/per-user/outworld/bin:/nix/var/nix/profiles/default/bin:/run/current-system/sw/bin:/home/outworld/.krew/bin:/nix/store/54lapjili1w9yrdha21gb23vbmdivcy0-agterm-0.26.1/opt/agterm-linux/bin:/home/outworld/.krew/bin"
2026-09-20T19:36:06.664593Z ERROR herdr::app: failed to create default workspace err=Unable to spawn nu because:
No viable candidates found in PATH "/nix/store/l07gdbxylzfl8pbx9pxy6fyg95w4hjwy-nodejs-24.19.0/bin:/nix/store/pn3yxi56kj33zvw3scqkavvhp5mrlyq5-vicinae-0.23.2/bin:/home/outworld/.asdf/shims:/run/wrappers/bin:/home/outworld/.local/bin:/home/outworld/.nix-profile/bin:/nix/profile/bin:/home/outworld/.local/state/nix/profile/bin:/etc/profiles/per-user/outworld/bin:/nix/var/nix/profiles/default/bin:/run/current-system/sw/bin:/home/outworld/.krew/bin:/nix/store/54lapjili1w9yrdha21gb23vbmdivcy0-agterm-0.26.1/opt/agterm-linux/bin:/home/outworld/.krew/bin"
2026-09-20T19:36:06.751467Z  INFO herdr::logging: spawning pane terminal event="pane.spawn.start" subsystem="pane" outcome="started" pane_id=83 rows=40 cols=120 scrollback_limit_bytes=10000000
2026-09-20T19:36:06.751561Z ERROR herdr::pane: failed to spawn shell pane=83 err=Unable to spawn nu because:
No viable candidates found in PATH "/nix/store/l07gdbxylzfl8pbx9pxy6fyg95w4hjwy-nodejs-24.19.0/bin:/nix/store/pn3yxi56kj33zvw3scqkavvhp5mrlyq5-vicinae-0.23.2/bin:/home/outworld/.asdf/shims:/run/wrappers/bin:/home/outworld/.local/bin:/home/outworld/.nix-profile/bin:/nix/profile/bin:/home/outworld/.local/state/nix/profile/bin:/etc/profiles/per-user/outworld/bin:/nix/var/nix/profiles/default/bin:/run/current-system/sw/bin:/home/outworld/.krew/bin:/nix/store/54lapjili1w9yrdha21gb23vbmdivcy0-agterm-0.26.1/opt/agterm-linux/bin:/home/outworld/.krew/bin"
2026-09-20T19:36:06.751569Z ERROR herdr::app: failed to create default workspace err=Unable to spawn nu because:
No viable candidates found in PATH "/nix/store/l07gdbxylzfl8pbx9pxy6fyg95w4hjwy-nodejs-24.19.0/bin:/nix/store/pn3yxi56kj33zvw3scqkavvhp5mrlyq5-vicinae-0.23.2/bin:/home/outworld/.asdf/shims:/run/wrappers/bin:/home/outworld/.local/bin:/home/outworld/.nix-profile/bin:/nix/profile/bin:/home/outworld/.local/state/nix/profile/bin:/etc/profiles/per-user/outworld/bin:/nix/var/nix/profiles/default/bin:/run/current-system/sw/bin:/home/outworld/.krew/bin:/nix/store/54lapjili1w9yrdha21gb23vbmdivcy0-agterm-0.26.1/opt/agterm-linux/bin:/home/outworld/.krew/bin"
2026-09-20T19:36:06.752164Z  INFO herdr::logging: spawning pane terminal event="pane.spawn.start" subsystem="pane" outcome="started" pane_id=84 rows=40 cols=120 scrollback_limit_bytes=10000000
2026-09-20T19:36:06.752227Z ERROR herdr::pane: failed to spawn shell pane=84 err=Unable to spawn nu because:
No viable candidates found in PATH "/nix/store/l07gdbxylzfl8pbx9pxy6fyg95w4hjwy-nodejs-24.19.0/bin:/nix/store/pn3yxi56kj33zvw3scqkavvhp5mrlyq5-vicinae-0.23.2/bin:/home/outworld/.asdf/shims:/run/wrappers/bin:/home/outworld/.local/bin:/home/outworld/.nix-profile/bin:/nix/profile/bin:/home/outworld/.local/state/nix/profile/bin:/etc/profiles/per-user/outworld/bin:/nix/var/nix/profiles/default/bin:/run/current-system/sw/bin:/home/outworld/.krew/bin:/nix/store/54lapjili1w9yrdha21gb23vbmdivcy0-agterm-0.26.1/opt/agterm-linux/bin:/home/outworld/.krew/bin"
2026-09-20T19:36:06.752231Z ERROR herdr::app: failed to create default workspace err=Unable to spawn nu because:
No viable candidates found in PATH "/nix/store/l07gdbxylzfl8pbx9pxy6fyg95w4hjwy-nodejs-24.19.0/bin:/nix/store/pn3yxi56kj33zvw3scqkavvhp5mrlyq5-vicinae-0.23.2/bin:/home/outworld/.asdf/shims:/run/wrappers/bin:/home/outworld/.local/bin:/home/outworld/.nix-profile/bin:/nix/profile/bin:/home/outworld/.local/state/nix/profile/bin:/etc/profiles/per-user/outworld/bin:/nix/var/nix/profiles/default/bin:/run/current-system/sw/bin:/home/outworld/.krew/bin:/nix/store/54lapjili1w9yrdha21gb23vbmdivcy0-agterm-0.26.1/opt/agterm-linux/bin:/home/outworld/.krew/bin"
2026-09-20T19:36:06.815928Z  INFO herdr::logging: spawning pane terminal event="pane.spawn.start" subsystem="pane" outcome="started" pane_id=85 rows=40 cols=120 scrollback_limit_bytes=10000000
2026-09-20T19:36:06.816021Z ERROR herdr::pane: failed to spawn shell pane=85 err=Unable to spawn nu because:
No viable candidates found in PATH "/nix/store/l07gdbxylzfl8pbx9pxy6fyg95w4hjwy-nodejs-24.19.0/bin:/nix/store/pn3yxi56kj33zvw3scqkavvhp5mrlyq5-vicinae-0.23.2/bin:/home/outworld/.asdf/shims:/run/wrappers/bin:/home/outworld/.local/bin:/home/outworld/.nix-profile/bin:/nix/profile/bin:/home/outworld/.local/state/nix/profile/bin:/etc/profiles/per-user/outworld/bin:/nix/var/nix/profiles/default/bin:/run/current-system/sw/bin:/home/outworld/.krew/bin:/nix/store/54lapjili1w9yrdha21gb23vbmdivcy0-agterm-0.26.1/opt/agterm-linux/bin:/home/outworld/.krew/bin"
2026-09-20T19:36:06.816027Z ERROR herdr::app: failed to create default workspace err=Unable to spawn nu because:
No viable candidates found in PATH "/nix/store/l07gdbxylzfl8pbx9pxy6fyg95w4hjwy-nodejs-24.19.0/bin:/nix/store/pn3yxi56kj33zvw3scqkavvhp5mrlyq5-vicinae-0.23.2/bin:/home/outworld/.asdf/shims:/run/wrappers/bin:/home/outworld/.local/bin:/home/outworld/.nix-profile/bin:/nix/profile/bin:/home/outworld/.local/state/nix/profile/bin:/etc/profiles/per-user/outworld/bin:/nix/var/nix/profiles/default/bin:/run/current-system/sw/bin:/home/outworld/.krew/bin:/nix/store/54lapjili1w9yrdha21gb23vbmdivcy0-agterm-0.26.1/opt/agterm-linux/bin:/home/outworld/.krew/bin"
2026-09-20T19:36:06.816558Z  INFO herdr::logging: spawning pane terminal event="pane.spawn.start" subsystem="pane" outcome="started" pane_id=86 rows=40 cols=120 scrollback_limit_bytes=10000000
2026-09-20T19:36:06.816622Z ERROR herdr::pane: failed to spawn shell pane=86 err=Unable to spawn nu because:
No viable candidates found in PATH "/nix/store/l07gdbxylzfl8pbx9pxy6fyg95w4hjwy-nodejs-24.19.0/bin:/nix/store/pn3yxi56kj33zvw3scqkavvhp5mrlyq5-vicinae-0.23.2/bin:/home/outworld/.asdf/shims:/run/wrappers/bin:/home/outworld/.local/bin:/home/outworld/.nix-profile/bin:/nix/profile/bin:/home/outworld/.local/state/nix/profile/bin:/etc/profiles/per-user/outworld/bin:/nix/var/nix/profiles/default/bin:/run/current-system/sw/bin:/home/outworld/.krew/bin:/nix/store/54lapjili1w9yrdha21gb23vbmdivcy0-agterm-0.26.1/opt/agterm-linux/bin:/home/outworld/.krew/bin"
2026-09-20T19:36:06.816627Z ERROR herdr::app: failed to create default workspace err=Unable to spawn nu because:
No viable candidates found in PATH "/nix/store/l07gdbxylzfl8pbx9pxy6fyg95w4hjwy-nodejs-24.19.0/bin:/nix/store/pn3yxi56kj33zvw3scqkavvhp5mrlyq5-vicinae-0.23.2/bin:/home/outworld/.asdf/shims:/run/wrappers/bin:/home/outworld/.local/bin:/home/outworld/.nix-profile/bin:/nix/profile/bin:/home/outworld/.local/state/nix/profile/bin:/etc/profiles/per-user/outworld/bin:/nix/var/nix/profiles/default/bin:/run/current-system/sw/bin:/home/outworld/.krew/bin:/nix/store/54lapjili1w9yrdha21gb23vbmdivcy0-agterm-0.26.1/opt/agterm-linux/bin:/home/outworld/.krew/bin"
2026-09-20T19:36:06.822737Z  INFO herdr::logging: spawning pane terminal event="pane.spawn.start" subsystem="pane" outcome="started" pane_id=87 rows=40 cols=120 scrollback_limit_bytes=10000000
2026-09-20T19:36:06.822812Z ERROR herdr::pane: failed to spawn shell pane=87 err=Unable to spawn nu because:
No viable candidates found in PATH "/nix/store/l07gdbxylzfl8pbx9pxy6fyg95w4hjwy-nodejs-24.19.0/bin:/nix/store/pn3yxi56kj33zvw3scqkavvhp5mrlyq5-vicinae-0.23.2/bin:/home/outworld/.asdf/shims:/run/wrappers/bin:/home/outworld/.local/bin:/home/outworld/.nix-profile/bin:/nix/profile/bin:/home/outworld/.local/state/nix/profile/bin:/etc/profiles/per-user/outworld/bin:/nix/var/nix/profiles/default/bin:/run/current-system/sw/bin:/home/outworld/.krew/bin:/nix/store/54lapjili1w9yrdha21gb23vbmdivcy0-agterm-0.26.1/opt/agterm-linux/bin:/home/outworld/.krew/bin"
2026-09-20T19:36:06.822817Z ERROR herdr::app: failed to create default workspace err=Unable to spawn nu because:
No viable candidates found in PATH "/nix/store/l07gdbxylzfl8pbx9pxy6fyg95w4hjwy-nodejs-24.19.0/bin:/nix/store/pn3yxi56kj33zvw3scqkavvhp5mrlyq5-vicinae-0.23.2/bin:/home/outworld/.asdf/shims:/run/wrappers/bin:/home/outworld/.local/bin:/home/outworld/.nix-profile/bin:/nix/profile/bin:/home/outworld/.local/state/nix/profile/bin:/etc/profiles/per-user/outworld/bin:/nix/var/nix/profiles/default/bin:/run/current-system/sw/bin:/home/outworld/.krew/bin:/nix/store/54lapjili1w9yrdha21gb23vbmdivcy0-agterm-0.26.1/opt/agterm-linux/bin:/home/outworld/.krew/bin"
2026-09-20T19:36:06.832917Z  INFO herdr::logging: spawning pane terminal event="pane.spawn.start" subsystem="pane" outcome="started" pane_id=88 rows=40 cols=120 scrollback_limit_bytes=10000000
2026-09-20T19:36:06.833013Z ERROR herdr::pane: failed to spawn shell pane=88 err=Unable to spawn nu because:
No viable candidates found in PATH "/nix/store/l07gdbxylzfl8pbx9pxy6fyg95w4hjwy-nodejs-24.19.0/bin:/nix/store/pn3yxi56kj33zvw3scqkavvhp5mrlyq5-vicinae-0.23.2/bin:/home/outworld/.asdf/shims:/run/wrappers/bin:/home/outworld/.local/bin:/home/outworld/.nix-profile/bin:/nix/profile/bin:/home/outworld/.local/state/nix/profile/bin:/etc/profiles/per-user/outworld/bin:/nix/var/nix/profiles/default/bin:/run/current-system/sw/bin:/home/outworld/.krew/bin:/nix/store/54lapjili1w9yrdha21gb23vbmdivcy0-agterm-0.26.1/opt/agterm-linux/bin:/home/outworld/.krew/bin"
2026-09-20T19:36:06.833019Z ERROR herdr::app: failed to create default workspace err=Unable to spawn nu because:
No viable candidates found in PATH "/nix/store/l07gdbxylzfl8pbx9pxy6fyg95w4hjwy-nodejs-24.19.0/bin:/nix/store/pn3yxi56kj33zvw3scqkavvhp5mrlyq5-vicinae-0.23.2/bin:/home/outworld/.asdf/shims:/run/wrappers/bin:/home/outworld/.local/bin:/home/outworld/.nix-profile/bin:/nix/profile/bin:/home/outworld/.local/state/nix/profile/bin:/etc/profiles/per-user/outworld/bin:/nix/var/nix/profiles/default/bin:/run/current-system/sw/bin:/home/outworld/.krew/bin:/nix/store/54lapjili1w9yrdha21gb23vbmdivcy0-agterm-0.26.1/opt/agterm-linux/bin:/home/outworld/.krew/bin"
2026-09-20T19:36:06.833526Z  INFO herdr::logging: spawning pane terminal event="pane.spawn.start" subsystem="pane" outcome="started" pane_id=89 rows=40 cols=120 scrollback_limit_bytes=10000000
2026-09-20T19:36:06.833594Z ERROR herdr::pane: failed to spawn shell pane=89 err=Unable to spawn nu because:
No viable candidates found in PATH "/nix/store/l07gdbxylzfl8pbx9pxy6fyg95w4hjwy-nodejs-24.19.0/bin:/nix/store/pn3yxi56kj33zvw3scqkavvhp5mrlyq5-vicinae-0.23.2/bin:/home/outworld/.asdf/shims:/run/wrappers/bin:/home/outworld/.local/bin:/home/outworld/.nix-profile/bin:/nix/profile/bin:/home/outworld/.local/state/nix/profile/bin:/etc/profiles/per-user/outworld/bin:/nix/var/nix/profiles/default/bin:/run/current-system/sw/bin:/home/outworld/.krew/bin:/nix/store/54lapjili1w9yrdha21gb23vbmdivcy0-agterm-0.26.1/opt/agterm-linux/bin:/home/outworld/.krew/bin"
2026-09-20T19:36:06.833598Z ERROR herdr::app: failed to create default workspace err=Unable to spawn nu because:
No viable candidates found in PATH "/nix/store/l07gdbxylzfl8pbx9pxy6fyg95w4hjwy-nodejs-24.19.0/bin:/nix/store/pn3yxi56kj33zvw3scqkavvhp5mrlyq5-vicinae-0.23.2/bin:/home/outworld/.asdf/shims:/run/wrappers/bin:/home/outworld/.local/bin:/home/outworld/.nix-profile/bin:/nix/profile/bin:/home/outworld/.local/state/nix/profile/bin:/etc/profiles/per-user/outworld/bin:/nix/var/nix/profiles/default/bin:/run/current-system/sw/bin:/home/outworld/.krew/bin:/nix/store/54lapjili1w9yrdha21gb23vbmdivcy0-agterm-0.26.1/opt/agterm-linux/bin:/home/outworld/.krew/bin"
2026-09-20T19:36:07.083917Z  INFO herdr::logging: spawning pane terminal event="pane.spawn.start" subsystem="pane" outcome="started" pane_id=90 rows=40 cols=120 scrollback_limit_bytes=10000000
2026-09-20T19:36:07.084022Z ERROR herdr::pane: failed to spawn shell pane=90 err=Unable to spawn nu because:
No viable candidates found in PATH "/nix/store/l07gdbxylzfl8pbx9pxy6fyg95w4hjwy-nodejs-24.19.0/bin:/nix/store/pn3yxi56kj33zvw3scqkavvhp5mrlyq5-vicinae-0.23.2/bin:/home/outworld/.asdf/shims:/run/wrappers/bin:/home/outworld/.local/bin:/home/outworld/.nix-profile/bin:/nix/profile/bin:/home/outworld/.local/state/nix/profile/bin:/etc/profiles/per-user/outworld/bin:/nix/var/nix/profiles/default/bin:/run/current-system/sw/bin:/home/outworld/.krew/bin:/nix/store/54lapjili1w9yrdha21gb23vbmdivcy0-agterm-0.26.1/opt/agterm-linux/bin:/home/outworld/.krew/bin"
2026-09-20T19:36:07.084029Z ERROR herdr::app: failed to create default workspace err=Unable to spawn nu because:
No viable candidates found in PATH "/nix/store/l07gdbxylzfl8pbx9pxy6fyg95w4hjwy-nodejs-24.19.0/bin:/nix/store/pn3yxi56kj33zvw3scqkavvhp5mrlyq5-vicinae-0.23.2/bin:/home/outworld/.asdf/shims:/run/wrappers/bin:/home/outworld/.local/bin:/home/outworld/.nix-profile/bin:/nix/profile/bin:/home/outworld/.local/state/nix/profile/bin:/etc/profiles/per-user/outworld/bin:/nix/var/nix/profiles/default/bin:/run/current-system/sw/bin:/home/outworld/.krew/bin:/nix/store/54lapjili1w9yrdha21gb23vbmdivcy0-agterm-0.26.1/opt/agterm-linux/bin:/home/outworld/.krew/bin"
2026-09-20T19:36:07.335388Z  INFO herdr::logging: spawning pane terminal event="pane.spawn.start" subsystem="pane" outcome="started" pane_id=91 rows=40 cols=120 scrollback_limit_bytes=10000000
2026-09-20T19:36:07.335519Z ERROR herdr::pane: failed to spawn shell pane=91 err=Unable to spawn nu because:
No viable candidates found in PATH "/nix/store/l07gdbxylzfl8pbx9pxy6fyg95w4hjwy-nodejs-24.19.0/bin:/nix/store/pn3yxi56kj33zvw3scqkavvhp5mrlyq5-vicinae-0.23.2/bin:/home/outworld/.asdf/shims:/run/wrappers/bin:/home/outworld/.local/bin:/home/outworld/.nix-profile/bin:/nix/profile/bin:/home/outworld/.local/state/nix/profile/bin:/etc/profiles/per-user/outworld/bin:/nix/var/nix/profiles/default/bin:/run/current-system/sw/bin:/home/outworld/.krew/bin:/nix/store/54lapjili1w9yrdha21gb23vbmdivcy0-agterm-0.26.1/opt/agterm-linux/bin:/home/outworld/.krew/bin"
2026-09-20T19:36:07.335528Z ERROR herdr::app: failed to create default workspace err=Unable to spawn nu because:
No viable candidates found in PATH "/nix/store/l07gdbxylzfl8pbx9pxy6fyg95w4hjwy-nodejs-24.19.0/bin:/nix/store/pn3yxi56kj33zvw3scqkavvhp5mrlyq5-vicinae-0.23.2/bin:/home/outworld/.asdf/shims:/run/wrappers/bin:/home/outworld/.local/bin:/home/outworld/.nix-profile/bin:/nix/profile/bin:/home/outworld/.local/state/nix/profile/bin:/etc/profiles/per-user/outworld/bin:/nix/var/nix/profiles/default/bin:/run/current-system/sw/bin:/home/outworld/.krew/bin:/nix/store/54lapjili1w9yrdha21gb23vbmdivcy0-agterm-0.26.1/opt/agterm-linux/bin:/home/outworld/.krew/bin"
2026-09-20T19:36:07.586877Z  INFO herdr::logging: spawning pane terminal event="pane.spawn.start" subsystem="pane" outcome="started" pane_id=92 rows=40 cols=120 scrollback_limit_bytes=10000000
2026-09-20T19:36:07.587005Z ERROR herdr::pane: failed to spawn shell pane=92 err=Unable to spawn nu because:
No viable candidates found in PATH "/nix/store/l07gdbxylzfl8pbx9pxy6fyg95w4hjwy-nodejs-24.19.0/bin:/nix/store/pn3yxi56kj33zvw3scqkavvhp5mrlyq5-vicinae-0.23.2/bin:/home/outworld/.asdf/shims:/run/wrappers/bin:/home/outworld/.local/bin:/home/outworld/.nix-profile/bin:/nix/profile/bin:/home/outworld/.local/state/nix/profile/bin:/etc/profiles/per-user/outworld/bin:/nix/var/nix/profiles/default/bin:/run/current-system/sw/bin:/home/outworld/.krew/bin:/nix/store/54lapjili1w9yrdha21gb23vbmdivcy0-agterm-0.26.1/opt/agterm-linux/bin:/home/outworld/.krew/bin"
2026-09-20T19:36:07.587013Z ERROR herdr::app: failed to create default workspace err=Unable to spawn nu because:
No viable candidates found in PATH "/nix/store/l07gdbxylzfl8pbx9pxy6fyg95w4hjwy-nodejs-24.19.0/bin:/nix/store/pn3yxi56kj33zvw3scqkavvhp5mrlyq5-vicinae-0.23.2/bin:/home/outworld/.asdf/shims:/run/wrappers/bin:/home/outworld/.local/bin:/home/outworld/.nix-profile/bin:/nix/profile/bin:/home/outworld/.local/state/nix/profile/bin:/etc/profiles/per-user/outworld/bin:/nix/var/nix/profiles/default/bin:/run/current-system/sw/bin:/home/outworld/.krew/bin:/nix/store/54lapjili1w9yrdha21gb23vbmdivcy0-agterm-0.26.1/opt/agterm-linux/bin:/home/outworld/.krew/bin"
2026-09-20T19:36:07.838336Z  INFO herdr::logging: spawning pane terminal event="pane.spawn.start" subsystem="pane" outcome="started" pane_id=93 rows=40 cols=120 scrollback_limit_bytes=10000000
2026-09-20T19:36:07.838449Z ERROR herdr::pane: failed to spawn shell pane=93 err=Unable to spawn nu because:
No viable candidates found in PATH "/nix/store/l07gdbxylzfl8pbx9pxy6fyg95w4hjwy-nodejs-24.19.0/bin:/nix/store/pn3yxi56kj33zvw3scqkavvhp5mrlyq5-vicinae-0.23.2/bin:/home/outworld/.asdf/shims:/run/wrappers/bin:/home/outworld/.local/bin:/home/outworld/.nix-profile/bin:/nix/profile/bin:/home/outworld/.local/state/nix/profile/bin:/etc/profiles/per-user/outworld/bin:/nix/var/nix/profiles/default/bin:/run/current-system/sw/bin:/home/outworld/.krew/bin:/nix/store/54lapjili1w9yrdha21gb23vbmdivcy0-agterm-0.26.1/opt/agterm-linux/bin:/home/outworld/.krew/bin"
2026-09-20T19:36:07.838456Z ERROR herdr::app: failed to create default workspace err=Unable to spawn nu because:
No viable candidates found in PATH "/nix/store/l07gdbxylzfl8pbx9pxy6fyg95w4hjwy-nodejs-24.19.0/bin:/nix/store/pn3yxi56kj33zvw3scqkavvhp5mrlyq5-vicinae-0.23.2/bin:/home/outworld/.asdf/shims:/run/wrappers/bin:/home/outworld/.local/bin:/home/outworld/.nix-profile/bin:/nix/profile/bin:/home/outworld/.local/state/nix/profile/bin:/etc/profiles/per-user/outworld/bin:/nix/var/nix/profiles/default/bin:/run/current-system/sw/bin:/home/outworld/.krew/bin:/nix/store/54lapjili1w9yrdha21gb23vbmdivcy0-agterm-0.26.1/opt/agterm-linux/bin:/home/outworld/.krew/bin"
2026-09-20T19:36:08.089809Z  INFO herdr::logging: spawning pane terminal event="pane.spawn.start" subsystem="pane" outcome="started" pane_id=94 rows=40 cols=120 scrollback_limit_bytes=10000000
2026-09-20T19:36:08.089923Z ERROR herdr::pane: failed to spawn shell pane=94 err=Unable to spawn nu because:
No viable candidates found in PATH "/nix/store/l07gdbxylzfl8pbx9pxy6fyg95w4hjwy-nodejs-24.19.0/bin:/nix/store/pn3yxi56kj33zvw3scqkavvhp5mrlyq5-vicinae-0.23.2/bin:/home/outworld/.asdf/shims:/run/wrappers/bin:/home/outworld/.local/bin:/home/outworld/.nix-profile/bin:/nix/profile/bin:/home/outworld/.local/state/nix/profile/bin:/etc/profiles/per-user/outworld/bin:/nix/var/nix/profiles/default/bin:/run/current-system/sw/bin:/home/outworld/.krew/bin:/nix/store/54lapjili1w9yrdha21gb23vbmdivcy0-agterm-0.26.1/opt/agterm-linux/bin:/home/outworld/.krew/bin"
2026-09-20T19:36:08.089932Z ERROR herdr::app: failed to create default workspace err=Unable to spawn nu because:
No viable candidates found in PATH "/nix/store/l07gdbxylzfl8pbx9pxy6fyg95w4hjwy-nodejs-24.19.0/bin:/nix/store/pn3yxi56kj33zvw3scqkavvhp5mrlyq5-vicinae-0.23.2/bin:/home/outworld/.asdf/shims:/run/wrappers/bin:/home/outworld/.local/bin:/home/outworld/.nix-profile/bin:/nix/profile/bin:/home/outworld/.local/state/nix/profile/bin:/etc/profiles/per-user/outworld/bin:/nix/var/nix/profiles/default/bin:/run/current-system/sw/bin:/home/outworld/.krew/bin:/nix/store/54lapjili1w9yrdha21gb23vbmdivcy0-agterm-0.26.1/opt/agterm-linux/bin:/home/outworld/.krew/bin"
2026-09-20T19:36:08.340288Z  INFO herdr::logging: spawning pane terminal event="pane.spawn.start" subsystem="pane" outcome="started" pane_id=95 rows=40 cols=120 scrollback_limit_bytes=10000000
2026-09-20T19:36:08.340407Z ERROR herdr::pane: failed to spawn shell pane=95 err=Unable to spawn nu because:
No viable candidates found in PATH "/nix/store/l07gdbxylzfl8pbx9pxy6fyg95w4hjwy-nodejs-24.19.0/bin:/nix/store/pn3yxi56kj33zvw3scqkavvhp5mrlyq5-vicinae-0.23.2/bin:/home/outworld/.asdf/shims:/run/wrappers/bin:/home/outworld/.local/bin:/home/outworld/.nix-profile/bin:/nix/profile/bin:/home/outworld/.local/state/nix/profile/bin:/etc/profiles/per-user/outworld/bin:/nix/var/nix/profiles/default/bin:/run/current-system/sw/bin:/home/outworld/.krew/bin:/nix/store/54lapjili1w9yrdha21gb23vbmdivcy0-agterm-0.26.1/opt/agterm-linux/bin:/home/outworld/.krew/bin"
2026-09-20T19:36:08.340414Z ERROR herdr::app: failed to create default workspace err=Unable to spawn nu because:
No viable candidates found in PATH "/nix/store/l07gdbxylzfl8pbx9pxy6fyg95w4hjwy-nodejs-24.19.0/bin:/nix/store/pn3yxi56kj33zvw3scqkavvhp5mrlyq5-vicinae-0.23.2/bin:/home/outworld/.asdf/shims:/run/wrappers/bin:/home/outworld/.local/bin:/home/outworld/.nix-profile/bin:/nix/profile/bin:/home/outworld/.local/state/nix/profile/bin:/etc/profiles/per-user/outworld/bin:/nix/var/nix/profiles/default/bin:/run/current-system/sw/bin:/home/outworld/.krew/bin:/nix/store/54lapjili1w9yrdha21gb23vbmdivcy0-agterm-0.26.1/opt/agterm-linux/bin:/home/outworld/.krew/bin"
2026-09-20T19:36:08.591777Z  INFO herdr::logging: spawning pane terminal event="pane.spawn.start" subsystem="pane" outcome="started" pane_id=96 rows=40 cols=120 scrollback_limit_bytes=10000000
2026-09-20T19:36:08.591897Z ERROR herdr::pane: failed to spawn shell pane=96 err=Unable to spawn nu because:
No viable candidates found in PATH "/nix/store/l07gdbxylzfl8pbx9pxy6fyg95w4hjwy-nodejs-24.19.0/bin:/nix/store/pn3yxi56kj33zvw3scqkavvhp5mrlyq5-vicinae-0.23.2/bin:/home/outworld/.asdf/shims:/run/wrappers/bin:/home/outworld/.local/bin:/home/outworld/.nix-profile/bin:/nix/profile/bin:/home/outworld/.local/state/nix/profile/bin:/etc/profiles/per-user/outworld/bin:/nix/var/nix/profiles/default/bin:/run/current-system/sw/bin:/home/outworld/.krew/bin:/nix/store/54lapjili1w9yrdha21gb23vbmdivcy0-agterm-0.26.1/opt/agterm-linux/bin:/home/outworld/.krew/bin"
2026-09-20T19:36:08.591904Z ERROR herdr::app: failed to create default workspace err=Unable to spawn nu because:
No viable candidates found in PATH "/nix/store/l07gdbxylzfl8pbx9pxy6fyg95w4hjwy-nodejs-24.19.0/bin:/nix/store/pn3yxi56kj33zvw3scqkavvhp5mrlyq5-vicinae-0.23.2/bin:/home/outworld/.asdf/shims:/run/wrappers/bin:/home/outworld/.local/bin:/home/outworld/.nix-profile/bin:/nix/profile/bin:/home/outworld/.local/state/nix/profile/bin:/etc/profiles/per-user/outworld/bin:/nix/var/nix/profiles/default/bin:/run/current-system/sw/bin:/home/outworld/.krew/bin:/nix/store/54lapjili1w9yrdha21gb23vbmdivcy0-agterm-0.26.1/opt/agterm-linux/bin:/home/outworld/.krew/bin"
2026-09-20T19:36:08.842122Z  INFO herdr::logging: spawning pane terminal event="pane.spawn.start" subsystem="pane" outcome="started" pane_id=97 rows=40 cols=120 scrollback_limit_bytes=10000000
2026-09-20T19:36:08.842228Z ERROR herdr::pane: failed to spawn shell pane=97 err=Unable to spawn nu because:
No viable candidates found in PATH "/nix/store/l07gdbxylzfl8pbx9pxy6fyg95w4hjwy-nodejs-24.19.0/bin:/nix/store/pn3yxi56kj33zvw3scqkavvhp5mrlyq5-vicinae-0.23.2/bin:/home/outworld/.asdf/shims:/run/wrappers/bin:/home/outworld/.local/bin:/home/outworld/.nix-profile/bin:/nix/profile/bin:/home/outworld/.local/state/nix/profile/bin:/etc/profiles/per-user/outworld/bin:/nix/var/nix/profiles/default/bin:/run/current-system/sw/bin:/home/outworld/.krew/bin:/nix/store/54lapjili1w9yrdha21gb23vbmdivcy0-agterm-0.26.1/opt/agterm-linux/bin:/home/outworld/.krew/bin"
2026-09-20T19:36:08.842234Z ERROR herdr::app: failed to create default workspace err=Unable to spawn nu because:
No viable candidates found in PATH "/nix/store/l07gdbxylzfl8pbx9pxy6fyg95w4hjwy-nodejs-24.19.0/bin:/nix/store/pn3yxi56kj33zvw3scqkavvhp5mrlyq5-vicinae-0.23.2/bin:/home/outworld/.asdf/shims:/run/wrappers/bin:/home/outworld/.local/bin:/home/outworld/.nix-profile/bin:/nix/profile/bin:/home/outworld/.local/state/nix/profile/bin:/etc/profiles/per-user/outworld/bin:/nix/var/nix/profiles/default/bin:/run/current-system/sw/bin:/home/outworld/.krew/bin:/nix/store/54lapjili1w9yrdha21gb23vbmdivcy0-agterm-0.26.1/opt/agterm-linux/bin:/home/outworld/.krew/bin"
2026-09-20T19:36:09.093411Z  INFO herdr::logging: spawning pane terminal event="pane.spawn.start" subsystem="pane" outcome="started" pane_id=98 rows=40 cols=120 scrollback_limit_bytes=10000000
2026-09-20T19:36:09.093596Z ERROR herdr::pane: failed to spawn shell pane=98 err=Unable to spawn nu because:
No viable candidates found in PATH "/nix/store/l07gdbxylzfl8pbx9pxy6fyg95w4hjwy-nodejs-24.19.0/bin:/nix/store/pn3yxi56kj33zvw3scqkavvhp5mrlyq5-vicinae-0.23.2/bin:/home/outworld/.asdf/shims:/run/wrappers/bin:/home/outworld/.local/bin:/home/outworld/.nix-profile/bin:/nix/profile/bin:/home/outworld/.local/state/nix/profile/bin:/etc/profiles/per-user/outworld/bin:/nix/var/nix/profiles/default/bin:/run/current-system/sw/bin:/home/outworld/.krew/bin:/nix/store/54lapjili1w9yrdha21gb23vbmdivcy0-agterm-0.26.1/opt/agterm-linux/bin:/home/outworld/.krew/bin"
2026-09-20T19:36:09.093606Z ERROR herdr::app: failed to create default workspace err=Unable to spawn nu because:
No viable candidates found in PATH "/nix/store/l07gdbxylzfl8pbx9pxy6fyg95w4hjwy-nodejs-24.19.0/bin:/nix/store/pn3yxi56kj33zvw3scqkavvhp5mrlyq5-vicinae-0.23.2/bin:/home/outworld/.asdf/shims:/run/wrappers/bin:/home/outworld/.local/bin:/home/outworld/.nix-profile/bin:/nix/profile/bin:/home/outworld/.local/state/nix/profile/bin:/etc/profiles/per-user/outworld/bin:/nix/var/nix/profiles/default/bin:/run/current-system/sw/bin:/home/outworld/.krew/bin:/nix/store/54lapjili1w9yrdha21gb23vbmdivcy0-agterm-0.26.1/opt/agterm-linux/bin:/home/outworld/.krew/bin"
2026-09-20T19:36:09.343979Z  INFO herdr::logging: spawning pane terminal event="pane.spawn.start" subsystem="pane" outcome="started" pane_id=99 rows=40 cols=120 scrollback_limit_bytes=10000000
2026-09-20T19:36:09.344161Z ERROR herdr::pane: failed to spawn shell pane=99 err=Unable to spawn nu because:
No viable candidates found in PATH "/nix/store/l07gdbxylzfl8pbx9pxy6fyg95w4hjwy-nodejs-24.19.0/bin:/nix/store/pn3yxi56kj33zvw3scqkavvhp5mrlyq5-vicinae-0.23.2/bin:/home/outworld/.asdf/shims:/run/wrappers/bin:/home/outworld/.local/bin:/home/outworld/.nix-profile/bin:/nix/profile/bin:/home/outworld/.local/state/nix/profile/bin:/etc/profiles/per-user/outworld/bin:/nix/var/nix/profiles/default/bin:/run/current-system/sw/bin:/home/outworld/.krew/bin:/nix/store/54lapjili1w9yrdha21gb23vbmdivcy0-agterm-0.26.1/opt/agterm-linux/bin:/home/outworld/.krew/bin"
2026-09-20T19:36:09.344172Z ERROR herdr::app: failed to create default workspace err=Unable to spawn nu because:
No viable candidates found in PATH "/nix/store/l07gdbxylzfl8pbx9pxy6fyg95w4hjwy-nodejs-24.19.0/bin:/nix/store/pn3yxi56kj33zvw3scqkavvhp5mrlyq5-vicinae-0.23.2/bin:/home/outworld/.asdf/shims:/run/wrappers/bin:/home/outworld/.local/bin:/home/outworld/.nix-profile/bin:/nix/profile/bin:/home/outworld/.local/state/nix/profile/bin:/etc/profiles/per-user/outworld/bin:/nix/var/nix/profiles/default/bin:/run/current-system/sw/bin:/home/outworld/.krew/bin:/nix/store/54lapjili1w9yrdha21gb23vbmdivcy0-agterm-0.26.1/opt/agterm-linux/bin:/home/outworld/.krew/bin"
2026-09-20T19:36:09.595512Z  INFO herdr::logging: spawning pane terminal event="pane.spawn.start" subsystem="pane" outcome="started" pane_id=100 rows=40 cols=120 scrollback_limit_bytes=10000000
2026-09-20T19:36:09.595665Z ERROR herdr::pane: failed to spawn shell pane=100 err=Unable to spawn nu because:
No viable candidates found in PATH "/nix/store/l07gdbxylzfl8pbx9pxy6fyg95w4hjwy-nodejs-24.19.0/bin:/nix/store/pn3yxi56kj33zvw3scqkavvhp5mrlyq5-vicinae-0.23.2/bin:/home/outworld/.asdf/shims:/run/wrappers/bin:/home/outworld/.local/bin:/home/outworld/.nix-profile/bin:/nix/profile/bin:/home/outworld/.local/state/nix/profile/bin:/etc/profiles/per-user/outworld/bin:/nix/var/nix/profiles/default/bin:/run/current-system/sw/bin:/home/outworld/.krew/bin:/nix/store/54lapjili1w9yrdha21gb23vbmdivcy0-agterm-0.26.1/opt/agterm-linux/bin:/home/outworld/.krew/bin"
2026-09-20T19:36:09.595674Z ERROR herdr::app: failed to create default workspace err=Unable to spawn nu because:
No viable candidates found in PATH "/nix/store/l07gdbxylzfl8pbx9pxy6fyg95w4hjwy-nodejs-24.19.0/bin:/nix/store/pn3yxi56kj33zvw3scqkavvhp5mrlyq5-vicinae-0.23.2/bin:/home/outworld/.asdf/shims:/run/wrappers/bin:/home/outworld/.local/bin:/home/outworld/.nix-profile/bin:/nix/profile/bin:/home/outworld/.local/state/nix/profile/bin:/etc/profiles/per-user/outworld/bin:/nix/var/nix/profiles/default/bin:/run/current-system/sw/bin:/home/outworld/.krew/bin:/nix/store/54lapjili1w9yrdha21gb23vbmdivcy0-agterm-0.26.1/opt/agterm-linux/bin:/home/outworld/.krew/bin"
2026-09-20T19:36:09.846002Z  INFO herdr::logging: spawning pane terminal event="pane.spawn.start" subsystem="pane" outcome="started" pane_id=101 rows=40 cols=120 scrollback_limit_bytes=10000000
2026-09-20T19:36:09.846130Z ERROR herdr::pane: failed to spawn shell pane=101 err=Unable to spawn nu because:
No viable candidates found in PATH "/nix/store/l07gdbxylzfl8pbx9pxy6fyg95w4hjwy-nodejs-24.19.0/bin:/nix/store/pn3yxi56kj33zvw3scqkavvhp5mrlyq5-vicinae-0.23.2/bin:/home/outworld/.asdf/shims:/run/wrappers/bin:/home/outworld/.local/bin:/home/outworld/.nix-profile/bin:/nix/profile/bin:/home/outworld/.local/state/nix/profile/bin:/etc/profiles/per-user/outworld/bin:/nix/var/nix/profiles/default/bin:/run/current-system/sw/bin:/home/outworld/.krew/bin:/nix/store/54lapjili1w9yrdha21gb23vbmdivcy0-agterm-0.26.1/opt/agterm-linux/bin:/home/outworld/.krew/bin"
2026-09-20T19:36:09.846138Z ERROR herdr::app: failed to create default workspace err=Unable to spawn nu because:
No viable candidates found in PATH "/nix/store/l07gdbxylzfl8pbx9pxy6fyg95w4hjwy-nodejs-24.19.0/bin:/nix/store/pn3yxi56kj33zvw3scqkavvhp5mrlyq5-vicinae-0.23.2/bin:/home/outworld/.asdf/shims:/run/wrappers/bin:/home/outworld/.local/bin:/home/outworld/.nix-profile/bin:/nix/profile/bin:/home/outworld/.local/state/nix/profile/bin:/etc/profiles/per-user/outworld/bin:/nix/var/nix/profiles/default/bin:/run/current-system/sw/bin:/home/outworld/.krew/bin:/nix/store/54lapjili1w9yrdha21gb23vbmdivcy0-agterm-0.26.1/opt/agterm-linux/bin:/home/outworld/.krew/bin"
2026-09-20T19:36:09.855588Z  INFO herdr::server::headless: client detached client_id=2
2026-09-20T20:05:51.426192Z  WARN herdr::detect::manifest_update: skipping unknown remote manifest agent agent="letta"
2026-09-20T20:35:51.471521Z  WARN herdr::detect::manifest_update: skipping unknown remote manifest agent agent="letta"
